BEGIN TRANSACTION;

DELETE FROM wrong_cards;
DELETE FROM options;
DELETE FROM cards;
DELETE FROM topics;

INSERT INTO topics (id, title, description) VALUES
(1, "Неопределённый интеграл: Базовый уровень", "Первообразная, свойства неопределённого интеграла, таблица интегралов"),
(2, "Определённый интеграл: Базовый уровень", "Понятие определённого интеграла, свойства, формула Ньютона — Лейбница"),
(3, "Неопределённый интеграл: Средний уровень", "Внесение под дифференциал, интегрирование по частям"),
(4, "Определённый интеграл: Средний уровень", "Несобственный интеграл, объем тела и площадь фигуры");

INSERT INTO cards (id, topic_id, card_type, question) VALUES
(1, 1, "theory", "Выберите верные утверждения о первообразной функции."),
(2, 1, "theory", "Выберите верные утверждения о неопределённом интеграле."),
(3, 1, "theory", "Выберите верные свойства неопределённого интеграла."),
(4, 1, "theory", "Выберите верные утверждения о постоянной интегрирования."),
(5, 1, "theory", "Выберите верные формулы из таблицы основных интегралов."),
(6, 1, "theory", "Выберите верные утверждения об интегрировании суммы функций."),
(7, 1, "theory", "Выберите верные утверждения об интегрировании произведения функции на константу."),
(8, 1, "theory", "Выберите верные утверждения о проверке результата интегрирования."),
(9, 1, "theory", "Выберите верные утверждения о методе замены переменной в неопределённом интеграле."),
(10, 1, "theory", "Выберите верные утверждения о методе интегрирования по частям."),

(11, 1, "practice", "Найдите неопределённый интеграл: \( \int x^2 \, dx \)."),
(12, 1, "practice", "Найдите неопределённый интеграл: \( \int 5x^4 \, dx \)."),
(13, 1, "practice", "Найдите неопределённый интеграл: \( \int \cos x \, dx \)."),
(14, 1, "practice", "Найдите неопределённый интеграл: \( \int \sin x \, dx \)."),
(15, 1, "practice", "Найдите неопределённый интеграл: \( \int \frac{1}{x} \, dx \), где \(x>0\)."),
(16, 1, "practice", "Найдите неопределённый интеграл: \( \int 3e^x \, dx \)."),
(17, 1, "practice", "Найдите неопределённый интеграл: \( \int (2x+3) \, dx \)."),
(18, 1, "practice", "Найдите неопределённый интеграл: \( \int \frac{1}{\cos^2 x} \, dx \)."),
(19, 1, "practice", "Найдите неопределённый интеграл: \( \int \frac{1}{1+x^2} \, dx \)."),
(20, 1, "practice", "Найдите неопределённый интеграл: \( \int (x^3 - 4x) \, dx \)."),

(21, 2, "theory", "Выберите верные утверждения об определённом интеграле."),
(22, 2, "theory", "Выберите верные свойства определённого интеграла."),
(23, 2, "theory", "Выберите верные утверждения о геометрическом смысле определённого интеграла."),
(24, 2, "theory", "Выберите верные утверждения о формуле Ньютона — Лейбница."),
(25, 2, "theory", "Выберите верные утверждения об интеграле от неотрицательной функции."),
(26, 2, "theory", "Выберите верные утверждения об изменении пределов интегрирования."),
(27, 2, "theory", "Выберите верные утверждения об интеграле от суммы функций."),
(28, 2, "theory", "Выберите верные утверждения об интеграле от постоянной функции."),
(29, 2, "theory", "Выберите верные утверждения о зависимости определённого интеграла от переменной интегрирования."),
(30, 2, "theory", "Выберите верные утверждения о связи площади и определённого интеграла."),

(31, 2, "practice", "Вычислите определённый интеграл: \( \int_0^2 x \, dx \)."),
(32, 2, "practice", "Вычислите определённый интеграл: \( \int_0^1 x^2 \, dx \)."),
(33, 2, "practice", "Вычислите определённый интеграл: \( \int_0^\pi \sin x \, dx \)."),
(34, 2, "practice", "Вычислите определённый интеграл: \( \int_0^{\frac{\pi}{2}} \cos x \, dx \)."),
(35, 2, "practice", "Вычислите определённый интеграл: \( \int_1^e \frac{1}{x} \, dx \)."),
(36, 2, "practice", "Вычислите определённый интеграл: \( \int_0^1 3x^2 \, dx \)."),
(37, 2, "practice", "Вычислите определённый интеграл: \( \int_{-1}^{1} x \, dx \)."),
(38, 2, "practice", "Вычислите определённый интеграл: \( \int_0^3 2 \, dx \)."),
(39, 2, "practice", "Вычислите определённый интеграл: \( \int_0^2 (x+1) \, dx \)."),
(40, 2, "practice", "Вычислите определённый интеграл: \( \int_1^2 \frac{1}{x^2} \, dx \)."),

(41, 3, "practice", "Множество первообразных функции \( f(x)=e^{6x} \) имеет вид..."),
(42, 3, "practice", "Одной из первообразных функции \( y=-2x+1 \) является функция..."),
(43, 3, "practice", "Найдите неопределённый интеграл: \( \int \sin(1-5x)\,dx \)."),
(44, 3, "practice", "Найдите неопределённый интеграл: \( \int x^2\sqrt[3]{1-x^3}\,dx \)."),
(45, 3, "practice", "Найдите неопределённый интеграл: \( \int xe^{-x}\,dx \)."),
(46, 3, "theory", "В интеграле \( \int \frac{x^3+2x+1}{x^2(x+1)^2}\,dx \) подынтегральная функция раскладывается на сумму элементарных дробей методом неопределённых коэффициентов. Сколько будет таких дробей?"),
(47, 3, "theory", "Укажите наиболее рациональный метод для нахождения интеграла \( \int \sin^2 x\cdot\cos^4 x\,dx \)."),
(48, 3, "theory", "Для интеграла \( \int \frac{\sqrt[4]{x-1}\,dx}{1+\sqrt{x-1}+5\sqrt[4]{x-1}} \) применяют подстановку вида..."),
(49, 3, "practice", "Найдите неопределённый интеграл: \( \int \cos^5\frac{x}{2}\,dx \)."),
(50, 3, "practice", "Найдите неопределённый интеграл: \( \int \frac{\sqrt[4]{x}}{3-\sqrt{x}}\,dx \)."),
(51, 3, "practice", "Множество первообразных функции \( f(x)=\frac{1}{1+4x^2} \) имеет вид..."),
(52, 3, "practice", "Одной из первообразных функции \( y=3x^2+2x-1 \) является функция..."),
(53, 3, "practice", "Найдите неопределённый интеграл: \( \int \left(1+\frac{x}{4}\right)^3 dx \)."),
(54, 3, "practice", "Найдите неопределённый интеграл: \( \int \frac{\ln x}{x}\,dx \)."),
(55, 3, "practice", "Найдите неопределённый интеграл: \( \int x\cos 2x\,dx \)."),
(56, 3, "theory", "В интеграле \( \int \frac{dx}{(x-1)(x^2+5)} \) подынтегральная функция раскладывается на сумму элементарных дробей методом неопределённых коэффициентов. Сколько будет таких дробей?"),
(57, 3, "theory", "Укажите наиболее рациональный метод для нахождения интеграла \( \int 2\sin^3x\cdot\cos^4x\,dx \)."),
(58, 3, "theory", "Для интеграла \( \int \frac{dx}{2\sqrt{x+4}-3\sqrt[3]{x+4}} \) применяют подстановку вида..."),
(59, 3, "practice", "Найдите неопределённый интеграл: \( \int \sin^4(2{,}5x)\,dx \)."),
(60, 3, "practice", "Найдите неопределённый интеграл: \( \int \frac{8\sqrt{x}}{x-2\sqrt[3]{x^2}}\,dx \)."),
(61, 3, "practice", "Множество первообразных функции \( f(x)=\cos 8x \) имеет вид..."),
(62, 3, "practice", "Одной из первообразных функции \( y=4x-2 \) является функция..."),
(63, 3, "practice", "Найдите неопределённый интеграл: \( \int \frac{dx}{\sqrt[3]{x+1}} \)."),
(64, 3, "practice", "Найдите неопределённый интеграл: \( \int \frac{e^x}{4+e^{2x}}\,dx \)."),
(65, 3, "practice", "Найдите неопределённый интеграл: \( \int x\ln(8x)\,dx \)."),
(66, 3, "theory", "Сколько раз необходимо применить формулу интегрирования по частям в интеграле \( \int (x+1)\sin^2 x\,dx \)?"),
(67, 3, "theory", "Укажите наиболее рациональный метод для нахождения интеграла \( \int 3\cos^6\frac{x}{2}\cdot\sin^2\frac{x}{2}\,dx \)."),
(68, 3, "theory", "Для интеграла \( \int \frac{dx}{-2\sqrt{3x+1}+5\sqrt[4]{3x+1}} \) применяют подстановку вида..."),
(69, 3, "practice", "Найдите неопределённый интеграл: \( \int \frac{dx}{\sin x-2\cos x-1} \)."),
(70, 3, "practice", "Найдите неопределённый интеграл: \( \int \frac{dx}{\sqrt{x}+\sqrt[3]{x}} \)."),
(71, 3, "practice", "Множество первообразных функции \( f(x)=9^x \) имеет вид..."),
(72, 3, "practice", "Одной из первообразных функции \( y=-6x^2+4x+3 \) является функция..."),
(73, 3, "practice", "Найдите неопределённый интеграл: \( \int \frac{dx}{\cos^2(3x+2)} \)."),
(74, 3, "practice", "Найдите неопределённый интеграл: \( \int \frac{3x}{\cos^2(2x^2)}\,dx \)."),
(75, 3, "practice", "Найдите неопределённый интеграл: \( \int (4x-3)e^x\,dx \)."),
(76, 3, "theory", "В интеграле \( \int \frac{5+x^2}{x(x-2)^2}\,dx \) подынтегральная функция раскладывается на сумму элементарных дробей методом неопределённых коэффициентов. Сколько будет таких дробей?"),
(77, 3, "theory", "Укажите наиболее рациональный метод для нахождения интеграла \( \int \cos^5(4x)\sin^4(4x)\,dx \)."),
(78, 3, "theory", "Для интеграла \( \int \frac{5x\,dx}{-\sqrt[3]{4x+1}+\sqrt{4x+1}} \) применяют подстановку вида..."),
(79, 3, "practice", "Найдите неопределённый интеграл: \( \int \tan^5(3x)\,dx \)."),
(80, 3, "practice", "Найдите неопределённый интеграл: \( \int \frac{4\sqrt{x}}{\sqrt[4]{x}+6}\,dx \)."),
(81, 3, "practice", "Множество первообразных функции \( f(x)=\sin 4x \) имеет вид..."),
(82, 3, "practice", "Одной из первообразных функции \( y=2x-7 \) является функция..."),
(83, 3, "practice", "Найдите неопределённый интеграл: \( \int \frac{dx}{3x+5} \)."),
(84, 3, "practice", "Найдите неопределённый интеграл: \( \int \frac{x^4}{(x^5+5)^4}\,dx \)."),
(85, 3, "practice", "Найдите неопределённый интеграл: \( \int x\sin 5x\,dx \)."),
(86, 3, "theory", "В интеграле \( \int \frac{3x^2+x+3}{(x-1)(x^2+1)}\,dx \) подынтегральная функция раскладывается на сумму элементарных дробей методом неопределённых коэффициентов. Сколько будет таких дробей?"),
(87, 3, "theory", "Укажите наиболее рациональный метод для нахождения интеграла \( \int \sin^4(2x)\cdot\cos^2(2x)\,dx \)."),
(88, 3, "theory", "Для интеграла \( \int \frac{(\sqrt{x+1}+4)\,dx}{3-\sqrt[4]{x+1}} \) применяют подстановку вида..."),
(89, 3, "practice", "Найдите неопределённый интеграл: \( \int \sin^5\frac{2x}{3}\,dx \)."),
(90, 3, "practice", "Найдите неопределённый интеграл: \( \int \frac{\sqrt{x}}{1+\sqrt[3]{x}}\,dx \)."),
(91, 3, "practice", "Множество первообразных функции \( f(x)=\frac{1}{\sqrt{1-16x^2}} \) имеет вид..."),
(92, 3, "practice", "Одной из первообразных функции \( y=9x^2+5 \) является функция..."),
(93, 3, "practice", "Найдите неопределённый интеграл: \( \int (2x+3)^{15}\,dx \)."),
(94, 3, "practice", "Найдите неопределённый интеграл: \( \int \frac{e^x}{\sqrt{1-e^x}}\,dx \)."),
(95, 3, "practice", "Найдите неопределённый интеграл: \( \int \ln(1+x^2)\,dx \)."),
(96, 3, "theory", "Сколько раз необходимо применить формулу интегрирования по частям в интеграле \( \int x^2\ln x\,dx \)?"),
(97, 3, "theory", "Укажите наиболее рациональный метод для нахождения интеграла \( \int 4\sin^3x\cdot\cos^6x\,dx \)."),
(98, 3, "theory", "Для интеграла \( \int \frac{8\sqrt{x+1}\,dx}{\sqrt{x+1}+\sqrt[3]{x+1}} \) применяют подстановку вида..."),
(99, 3, "practice", "Найдите неопределённый интеграл: \( \int \cos^4\left(\frac{2x}{5}\right) dx \)."),
(100, 3, "practice", "Найдите неопределённый интеграл: \( \int \frac{\sqrt[3]{x}}{4\sqrt{x}-\sqrt[3]{x^2}}\,dx \)."),
(101, 3, "practice", "Множество первообразных функции \( f(x)=\frac{1}{5x} \) имеет вид..."),
(102, 3, "practice", "Одной из первообразных функции \( y=-8x+2 \) является функция..."),
(103, 3, "practice", "Найдите неопределённый интеграл: \( \int \cos(2x+3)\,dx \)."),
(104, 3, "practice", "Найдите неопределённый интеграл: \( \int \frac{\sin x}{1+\cos^2x}\,dx \)."),
(105, 3, "practice", "Найдите неопределённый интеграл: \( \int (x+5)e^{3x}\,dx \)."),
(106, 3, "theory", "В интеграле \( \int \frac{dx}{(x^2+4)(x+1)} \) подынтегральная функция раскладывается на сумму элементарных дробей методом неопределённых коэффициентов. Сколько будет таких дробей?"),
(107, 3, "theory", "Укажите наиболее рациональный метод для нахождения интеграла \( \int \frac{\cos^3(2x)}{\sin^4(2x)}\,dx \)."),
(108, 3, "theory", "Для интеграла \( \int \frac{dx}{4\sqrt[3]{2x-1}-3\sqrt{2x-1}} \) применяют подстановку вида..."),
(109, 3, "practice", "Найдите неопределённый интеграл: \( \int \frac{5}{2\sin x+3\cos x+4}\,dx \)."),
(110, 3, "practice", "Найдите неопределённый интеграл: \( \int \frac{\sqrt[4]{x}}{1+\sqrt{x}}\,dx \)."),
(111, 3, "practice", "Множество первообразных функции \( f(x)=(x+4)^5 \) имеет вид..."),
(112, 3, "practice", "Одной из первообразных функции \( y=-2x^2-x \) является функция..."),
(113, 3, "practice", "Найдите неопределённый интеграл: \( \int e^{3-2x}\,dx \)."),
(114, 3, "practice", "Найдите неопределённый интеграл: \( \int 2^x\sin(2^x)\,dx \)."),
(115, 3, "practice", "Найдите неопределённый интеграл: \( \int (2x-1)\cos x\,dx \)."),
(116, 3, "theory", "В интеграле \( \int \frac{3}{x^2(x-2)}\,dx \) подынтегральная функция раскладывается на сумму элементарных дробей методом неопределённых коэффициентов. Сколько будет таких дробей?"),
(117, 3, "theory", "Укажите наиболее рациональный метод для нахождения интеграла \( \int \sin 5x\cdot\cos 3x\,dx \)."),
(118, 3, "theory", "Для интеграла \( \int \frac{(4+x)\,dx}{\sqrt[3]{3x+2}-2\sqrt{3x+2}} \) применяют подстановку вида..."),
(119, 3, "practice", "Найдите неопределённый интеграл: \( \int \cot^5\frac{3x}{2}\,dx \)."),
(120, 3, "practice", "Найдите неопределённый интеграл: \( \int \frac{3\sqrt{x}}{x+2\sqrt[3]{x^2}}\,dx \)."),
(121, 3, "practice", "Множество первообразных функции \( f(x)=\cos(3x+2) \) имеет вид..."),
(122, 3, "practice", "Одной из первообразных функции \( y=x-6 \) является функция..."),
(123, 3, "practice", "Найдите неопределённый интеграл: \( \int (1+2x)^7\,dx \)."),
(124, 3, "practice", "Найдите неопределённый интеграл: \( \int \frac{x}{\sqrt{1-x^2}}\,dx \)."),
(125, 3, "practice", "Найдите неопределённый интеграл: \( \int \sqrt{x^3}\ln x\,dx \)."),
(126, 3, "theory", "Сколько раз необходимо применить формулу интегрирования по частям в интеграле \( \int x^2\arctan x\,dx \)?"),
(127, 3, "theory", "Укажите наиболее рациональный метод для нахождения интеграла \( \int \sin^3\frac{x}{5}\cdot\cos^2\frac{x}{5}\,dx \)."),
(128, 3, "theory", "Для интеграла \( \int \frac{5\,dx}{\sqrt{x+4}-2\sqrt[4]{x+4}+1} \) применяют подстановку вида..."),
(129, 3, "practice", "Найдите неопределённый интеграл: \( \int \cos^5\frac{3x}{5}\,dx \)."),
(130, 3, "practice", "Найдите неопределённый интеграл: \( \int \frac{dx}{3\sqrt[3]{x}-\sqrt{x}} \)."),
(131, 3, "practice", "Множество первообразных функции \( f(x)=5^{x+3} \) имеет вид..."),
(132, 3, "practice", "Одной из первообразных функции \( y=4x^2-3x+5 \) является функция..."),
(133, 3, "practice", "Найдите неопределённый интеграл: \( \int \frac{dx}{2-3x} \)."),
(134, 3, "practice", "Найдите неопределённый интеграл: \( \int \frac{2^x}{3+2^x}\,dx \)."),
(135, 3, "practice", "Найдите неопределённый интеграл: \( \int (x+1)e^x\,dx \)."),
(136, 3, "theory", "В интеграле \( \int \frac{x^2+15}{(x^2+8)(x+2)}\,dx \) подынтегральная функция раскладывается на сумму элементарных дробей методом неопределённых коэффициентов. Сколько будет таких дробей?"),
(137, 3, "theory", "Укажите наиболее рациональный метод для нахождения интеграла \( \int \sin^4\frac{3x}{5}\cdot\cos^2\frac{3x}{5}\,dx \)."),
(138, 3, "theory", "Для интеграла \( \int \frac{dx}{\sqrt[3]{x+2}-11\sqrt{x+2}} \) применяют подстановку вида..."),
(139, 3, "practice", "Найдите неопределённый интеграл: \( \int \sin^4(4x)\,dx \)."),
(140, 3, "practice", "Найдите неопределённый интеграл: \( \int \frac{\sqrt{x}}{\sqrt[4]{x}-2}\,dx \)."),

(141, 4, "practice", "Вычислите определённый интеграл: \( \int_1^2 (2x-5)\,dx \)."),
(142, 4, "practice", "Вычислите определённый интеграл: \( \int_0^{\pi/2} \cos^3(7x)\sin(7x)\,dx \)."),
(143, 4, "practice", "Укажите правильное утверждение о несобственных интегралах \(A=\int_1^{+\infty}2x^{-5}\,dx\) и \(B=\int_1^2\frac{dx}{\sqrt{x-1}}\)."),
(144, 4, "practice", "Объём тела, образованного вращением криволинейной трапеции \(D\) по рисунку 1 исходного теста вокруг оси \(Ox\), равен..."),
(145, 4, "practice", "Длина дуги кривой \(x=3\cos t,\ y=3\sin t,\ \frac{2\pi}{3}\le t\le \pi\), равна..."),
(146, 4, "practice", "Вычислите: \( \int_2^6 x\sqrt{x-2}\,dx \)."),
(147, 4, "practice", "Вычислите площадь фигуры, ограниченной линиями \(y=e^x\), \(y=3x-x^2\), \(x=0\), \(x=3\)."),
(148, 4, "practice", "Вычислите определённый интеграл: \( \int_0^1 (3x^2+2)\,dx \)."),
(149, 4, "practice", "Вычислите определённый интеграл: \( \int_1^e \frac{\ln^5 x}{x}\,dx \)."),
(150, 4, "practice", "Укажите правильное утверждение о несобственных интегралах \(A=\int_0^{+\infty}e^x\,dx\) и \(B=\int_1^2\frac{dx}{x-2}\)."),
(151, 4, "practice", "Площадь криволинейной трапеции \(D\) по рисунку 1 исходного теста равна..."),
(152, 4, "practice", "Длина дуги кривой \(x=5\cos t,\ y=5\sin t,\ \frac{2\pi}{3}\le t\le \frac{3\pi}{2}\), равна..."),
(153, 4, "practice", "Вычислите: \( \int_{-4}^{0}(x+4)e^{-x/2}\,dx \)."),
(154, 4, "practice", "Вычислите объём тела, образованного вращением фигуры, ограниченной графиками \(x=\sqrt{y}\), \(y=1\), вокруг оси \(Oy\)."),
(155, 4, "practice", "Вычислите определённый интеграл: \( \int_0^1 (4x^3-2)\,dx \)."),
(156, 4, "practice", "Вычислите определённый интеграл: \( \int_0^1 \frac{x^3}{x^8+1}\,dx \)."),
(157, 4, "practice", "Укажите правильное утверждение о несобственных интегралах \(A=\int_1^{+\infty}x^{-3}\,dx\) и \(B=\int_1^2\frac{dx}{\sqrt[3]{1-x}}\)."),
(158, 4, "practice", "Площадь криволинейной трапеции \(D\) по рисунку 1 исходного теста равна..."),
(159, 4, "practice", "Длина дуги кривой \(y=\sqrt{4-x^2},\ -1\le x\le 1\), задаётся интегралом..."),
(160, 4, "practice", "Вычислите: \( \int_1^6 \frac{x}{\sqrt{x+3}}\,dx \)."),
(161, 4, "practice", "Вычислите объём тела, образованного вращением фигуры, ограниченной графиками \(xy=-2\), \(x=1\), \(x=2\), \(y=0\), вокруг оси \(Ox\)."),
(162, 4, "practice", "Вычислите определённый интеграл: \( \frac{1}{\pi}\int_0^1\frac{dx}{1+x^2} \)."),
(163, 4, "practice", "Вычислите определённый интеграл: \( \int_0^{\pi/2}\sin^3(3x)\cos(3x)\,dx \)."),
(164, 4, "practice", "Укажите правильное утверждение о несобственных интегралах \(A=\int_{-\infty}^{0}x^2\,dx\) и \(B=\int_3^5\frac{dx}{(x-3)^3}\)."),
(165, 4, "practice", "Площадь криволинейной трапеции \(D\) по рисунку 1 исходного теста равна..."),
(166, 4, "practice", "Длина дуги кривой \(x=3\cos t,\ y=3\sin t,\ \frac{\pi}{12}\le t\le \frac{2\pi}{3}\), равна..."),
(167, 4, "practice", "Вычислите: \( \int_0^{\pi/2}(2x+1)\sin(3x)\,dx \)."),
(168, 4, "practice", "Вычислите объём тела, образованного вращением фигуры, ограниченной графиками \(xy=4\), \(y=1\), \(y=2\), \(x=0\), вокруг оси \(Oy\)."),
(169, 4, "practice", "Вычислите определённый интеграл: \( \int_1^2 (2x+3)\,dx \)."),
(170, 4, "practice", "Вычислите определённый интеграл: \( \int_0^{\pi/4}\cos^5(2x)\sin(2x)\,dx \)."),
(171, 4, "practice", "Укажите правильное утверждение о несобственных интегралах \(A=\int_2^{+\infty}7x^{-2}\,dx\) и \(B=\int_3^4\frac{dx}{(x-3)^2}\)."),
(172, 4, "practice", "Объём тела, образованного вращением криволинейной трапеции \(D\) по рисунку 1 исходного теста вокруг оси \(Ox\), равен..."),
(173, 4, "practice", "Длина дуги кривой \(x=5\cos t,\ y=5\sin t,\ \pi\le t\le \frac{4\pi}{3}\), равна..."),
(174, 4, "practice", "Вычислите: \( \int_{-1}^{0}\frac{dx}{1+\sqrt[3]{x+1}} \)."),
(175, 4, "practice", "Вычислите площадь фигуры, ограниченной линиями \(y=\cos x\), \(y=3-x\), \(x=0\), \(x=\frac{3\pi}{2}\)."),
(176, 4, "practice", "Вычислите определённый интеграл: \( \int_0^1 (5x^4+3)\,dx \)."),
(177, 4, "practice", "Вычислите определённый интеграл: \( \int_0^2\frac{x^4}{x^{10}+4}\,dx \)."),
(178, 4, "practice", "Укажите правильное утверждение о несобственных интегралах \(A=\int_0^{+\infty}2^{-x}\,dx\) и \(B=\int_2^5\frac{dx}{x-5}\)."),
(179, 4, "practice", "Площадь криволинейной трапеции \(D\) по рисунку 1 исходного теста равна..."),
(180, 4, "practice", "Длина дуги кривой \(y=\frac{e^x+e^{-x}}{4}+1,\ 0\le x\le \ln2\), задаётся интегралом..."),
(181, 4, "practice", "Вычислите: \( \int_0^1 (x+1)e^{2x}\,dx \)."),
(182, 4, "practice", "Вычислите объём тела, образованного вращением фигуры, ограниченной графиками \(x=\sqrt{2-y}\), \(y=1\), вокруг оси \(Oy\)."),
(183, 4, "practice", "Вычислите определённый интеграл: \( \int_1^4 (3x^2+1)\,dx \)."),
(184, 4, "practice", "Вычислите определённый интеграл: \( \int_0^{\pi/2}\cos^3(2x)\sin(2x)\,dx \)."),
(185, 4, "practice", "Укажите правильное утверждение о несобственных интегралах \(A=\int_1^{+\infty}x^{-1/5}\,dx\) и \(B=\int_2^3\frac{dx}{\sqrt{x-2}}\)."),
(186, 4, "practice", "Площадь криволинейной трапеции \(D\) по рисунку 1 исходного теста равна..."),
(187, 4, "practice", "Длина дуги кривой \(x=3\cos t,\ y=3\sin t,\ \frac{5\pi}{6}\le t\le \pi\), равна..."),
(188, 4, "practice", "Вычислите: \( \int_1^5\frac{x}{\sqrt{5+4x}}\,dx \)."),
(189, 4, "practice", "Вычислите объём тела, образованного вращением фигуры, ограниченной графиками \(y=x^2\), \(y=1\), вокруг оси \(Ox\)."),
(190, 4, "practice", "Вычислите определённый интеграл: \( \int_0^\pi \sin x\,dx \)."),
(191, 4, "practice", "Вычислите определённый интеграл: \( \int_0^{\pi/4}\frac{\tg^5 x}{\cos^2 x}\,dx \)."),
(192, 4, "practice", "Укажите правильное утверждение о несобственных интегралах \(A=\int_1^{+\infty}\frac{dx}{2x}\) и \(B=\int_4^6\frac{dx}{\sqrt[3]{(4-x)^2}}\)."),
(193, 4, "practice", "Объём тела, образованного вращением криволинейной трапеции \(D\) по рисунку 1 исходного теста вокруг оси \(Ox\), равен..."),
(194, 4, "practice", "Длина дуги кривой \(x=5\cos t,\ y=5\sin t,\ \frac{4\pi}{3}\le t\le \frac{3\pi}{2}\), равна..."),
(195, 4, "practice", "Вычислите: \( \int_1^e x^2\ln x\,dx \)."),
(196, 4, "practice", "Вычислите площадь фигуры, ограниченной линиями \(y=e^x\), \(y=2x-x^2\), \(x=0\), \(x=2\)."),
(197, 4, "practice", "Вычислите определённый интеграл: \( \int_1^2 (2x-4)\,dx \)."),
(198, 4, "practice", "Вычислите определённый интеграл: \( \int_0^1\frac{x}{x^4+1}\,dx \)."),
(199, 4, "practice", "Укажите правильное утверждение о несобственных интегралах \(A=\int_{-\infty}^{-1}x^{-4}\,dx\) и \(B=\int_0^2\frac{dx}{\sqrt{4-x^2}}\)."),
(200, 4, "practice", "Площадь криволинейной трапеции \(D\) по рисунку 1 исходного теста равна..."),
(201, 4, "practice", "Длина дуги кривой \(y=\ln(x^2-1),\ 2\le x\le 3\), задаётся интегралом..."),
(202, 4, "practice", "Вычислите: \( \int_0^1\frac{dx}{\sqrt{x}+4} \)."),
(203, 4, "practice", "Вычислите объём тела, образованного вращением фигуры, ограниченной графиками \(xy=6\), \(x+y=7\), вокруг оси \(Oy\)."),
(204, 4, "practice", "Вычислите определённый интеграл: \( \int_{-5}^{5}6x^2\,dx \)."),
(205, 4, "practice", "Вычислите определённый интеграл: \( \int_0^{\pi/2}\sin^3(4x)\cos(7x)\,dx \)."),
(206, 4, "practice", "Укажите правильное утверждение о несобственных интегралах \(A=\int_4^{+\infty}\frac{dx}{\sqrt{x^3}}\) и \(B=\int_{1/2}^{3}\frac{dx}{2x-1}\)."),
(207, 4, "practice", "Объём тела, образованного вращением криволинейной трапеции \(D\) по рисунку 1 исходного теста вокруг оси \(Ox\), равен..."),
(208, 4, "practice", "Длина дуги кривой \(x=3\cos t,\ y=3\sin t,\ \frac{\pi}{6}\le t\le \frac{\pi}{2}\), равна..."),
(209, 4, "practice", "Вычислите: \( \int_0^{\pi/8}(2x-5)\cos(4x)\,dx \)."),
(210, 4, "practice", "Вычислите площадь фигуры, ограниченной линиями \(y=e^x\), \(y=1-x\), \(x=1\)."),
(211, 4, "practice", "Вычислите определённый интеграл: \( \int_1^4\frac{3\,dx}{2\sqrt{x}} \)."),
(212, 4, "practice", "Вычислите определённый интеграл: \( \int_0^{\pi/4}\cos^4(2x)\sin(2x)\,dx \)."),
(213, 4, "practice", "Укажите правильное утверждение о несобственных интегралах \(A=\int_1^{+\infty}x^{-2/3}\,dx\) и \(B=\int_1^2\frac{dx}{(2-x)^4}\)."),
(214, 4, "practice", "Площадь криволинейной трапеции \(D\) по рисунку 1 исходного теста равна..."),
(215, 4, "practice", "Длина дуги кривой \(x=5\cos t,\ y=5\sin t,\ \frac{4\pi}{3}\le t\le \frac{5\pi}{3}\), равна..."),
(216, 4, "practice", "Вычислите: \( \int_5^7 x\sqrt[3]{x-6}\,dx \)."),
(217, 4, "practice", "Вычислите объём тела, образованного вращением фигуры, ограниченной графиками \(x=\sqrt{3-y}\), \(y=0\), вокруг оси \(Oy\)."),
(218, 4, "practice", "Вычислите определённый интеграл: \( \int_0^1 (3x^2-6)\,dx \)."),
(219, 4, "practice", "Вычислите определённый интеграл: \( \int_0^2\frac{x^3}{x^8+4}\,dx \)."),
(220, 4, "practice", "Укажите правильное утверждение о несобственных интегралах \(A=\int_{-\infty}^{0}e^{-x}\,dx\) и \(B=\int_0^1\frac{dx}{\sqrt{1-x}}\)."),
(221, 4, "practice", "Объём тела, образованного вращением криволинейной трапеции \(D\) по рисунку 1 исходного теста вокруг оси \(Ox\), равен..."),
(222, 4, "practice", "Длина дуги кривой \(y=\sqrt{x-x^2},\ \frac{1}{9}\le x\le \frac{1}{4}\), задаётся интегралом..."),
(223, 4, "practice", "Вычислите: \( \int_{-1}^{0}(4-3x)e^{-3x}\,dx \)."),
(224, 4, "practice", "Найдите площадь фигуры, ограниченной линиями \(y=e^x\), \(y=3x-x^2\), \(x=0\), \(x=1{,}5\)."),
(225, 4, "practice", "Вычислите определённый интеграл: \( \int_1^2(2x-3)\,dx \)."),
(226, 4, "practice", "Вычислите определённый интеграл: \( \int_0^{\pi/2}\cos^3(3x)\sin(3x)\,dx \)."),
(227, 4, "practice", "Укажите правильное утверждение о несобственных интегралах \(A=\int_2^{+\infty}x^{-1}\,dx\) и \(B=\int_2^3\frac{dx}{\sqrt[3]{x-3}}\)."),
(228, 4, "practice", "Площадь криволинейной трапеции \(D\) по рисунку 1 исходного теста равна..."),
(229, 4, "practice", "Длина дуги кривой \(x=3\cos t,\ y=3\sin t,\ \frac{\pi}{6}\le t\le \frac{\pi}{3}\), равна..."),
(230, 4, "practice", "Вычислите: \( \int_2^9\frac{x}{\sqrt[3]{x-1}}\,dx \)."),
(231, 4, "practice", "Вычислите объём тела, образованного вращением фигуры, ограниченной графиками \(xy=-2\), \(x=1\), \(x=4\), \(y=0\), вокруг оси \(Ox\)."),
(232, 4, "practice", "Вычислите определённый интеграл: \( \int_1^2(5x^3+1)\,dx \)."),
(233, 4, "practice", "Вычислите определённый интеграл: \( \int_1^e\frac{\ln^3 x}{x}\,dx \)."),
(234, 4, "practice", "Укажите правильное утверждение о несобственных интегралах \(A=\int_{-\infty}^{-\sqrt3}\frac{dx}{x^2}\) и \(B=\int_{0{,}2}^{1}\frac{dx}{5x-1}\)."),
(235, 4, "practice", "Площадь криволинейной трапеции \(D\) по рисунку 1 исходного теста равна..."),
(236, 4, "practice", "Длина дуги кривой \(x=5\cos t,\ y=5\sin t,\ \pi\le t\le \frac{7\pi}{6}\), равна..."),
(237, 4, "practice", "Вычислите: \( \int_0^{\pi/2}(7x+12)\sin x\,dx \)."),
(238, 4, "practice", "Вычислите объём тела, образованного вращением фигуры, ограниченной графиками \(y=2-x^2\), \(y=1\), вокруг оси \(Ox\)."),
(239, 4, "practice", "Вычислите определённый интеграл: \( \int_1^2(12x^5+2)\,dx \)."),
(240, 4, "practice", "Вычислите определённый интеграл: \( \int_0^1\frac{x^2}{x^6+1}\,dx \)."),
(241, 4, "practice", "Укажите правильное утверждение о несобственных интегралах \(A=\int_1^{+\infty}x^{-5}\,dx\) и \(B=\int_0^3\frac{dx}{\sqrt{9-x^2}}\)."),
(242, 4, "practice", "Объём тела, образованного вращением криволинейной трапеции \(D\) по рисунку 1 исходного теста вокруг оси \(Ox\), равен..."),
(243, 4, "practice", "Длина дуги кривой \(y=\ln(\sin 2x),\ \pi\le x\le \frac{4\pi}{3}\), задаётся интегралом..."),
(244, 4, "practice", "Вычислите: \( \int_0^4\frac{dx}{1+\sqrt{2x+1}} \)."),
(245, 4, "practice", "Вычислите площадь фигуры, ограниченной линиями \(y=\sin x\), \(y=x\), \(x=\frac{\pi}{2}\)."),

(246, 4, "theory", "Выберите верные утверждения об определённом интеграле."),
(247, 4, "theory", "Выберите верные утверждения о формуле Ньютона — Лейбница."),
(248, 4, "theory", "Выберите верные свойства определённого интеграла."),
(249, 4, "theory", "Выберите верные утверждения о геометрическом смысле определённого интеграла."),
(250, 4, "theory", "Выберите верные утверждения о несобственном интеграле на бесконечном промежутке."),
(251, 4, "theory", "Выберите верные утверждения о сходимости интегралов вида \( \int_1^{+\infty}\frac{dx}{x^p} \)."),
(252, 4, "theory", "Выберите верные утверждения о несобственном интеграле от функции с бесконечным разрывом."),
(253, 4, "theory", "Выберите верные утверждения о сходимости интегралов вида \( \int_0^1\frac{dx}{x^p} \)."),
(254, 4, "theory", "Выберите верные утверждения о вычислении площади фигуры с помощью определённого интеграла."),
(255, 4, "theory", "Выберите верные утверждения о вычислении объёма тела вращения вокруг оси \(Ox\)."),
(256, 4, "theory", "Выберите верные утверждения о вычислении объёма тела вращения вокруг оси \(Oy\)."),
(257, 4, "theory", "Выберите верные утверждения о длине дуги графика функции."),
(258, 4, "theory", "Выберите верные утверждения о длине дуги параметрически заданной кривой."),
(259, 4, "theory", "Выберите верные утверждения о применении чётности и нечётности при вычислении определённых интегралов."),
(260, 4, "theory", "Выберите верные утверждения о замене переменной в определённом интеграле.");


INSERT INTO options (id, card_id, option_text, is_correct) VALUES
(1, 1, "Функция \(F(x)\) называется первообразной для \(f(x)\), если \(F''(x)=f(x)\).", 0),
(2, 1, "Функция \(F(x)\) называется первообразной для \(f(x)\), если \(F'(x)=f(x)\).", 1),
(3, 1, "Если \(F(x)\) — первообразная для \(f(x)\), то \(F(x)+C\) тоже является первообразной.", 1),
(4, 1, "У одной функции не может быть больше одной первообразной.", 0),

(5, 2, "Неопределённый интеграл — это множество всех первообразных функции.", 1),
(6, 2, "Неопределённый интеграл всегда равен одному конкретному числу.", 0),
(7, 2, "Запись \( \int f(x)\,dx \) означает \(F(x)+C\), где \(F'(x)=f(x)\).", 1),
(8, 2, "В неопределённом интеграле не нужна постоянная \(C\).", 0),

(9, 3, "\( \int (f(x)+g(x))\,dx = \int f(x)\,dx + \int g(x)\,dx \).", 1),
(10, 3, "\( \int kf(x)\,dx = k\int f(x)\,dx \), где \(k\) — постоянная.", 1),
(11, 3, "\( \int f(x)g(x)\,dx = \int f(x)\,dx \cdot \int g(x)\,dx \) всегда верно.", 0),
(12, 3, "\( \int \frac{f(x)}{g(x)}\,dx = \frac{\int f(x)\,dx}{\int g(x)\,dx} \) всегда верно.", 0),

(13, 4, "Постоянная интегрирования обозначается \(C\).", 1),
(14, 4, "Постоянная \(C\) учитывает бесконечное множество первообразных.", 1),
(15, 4, "Постоянную \(C\) можно не писать в ответе к неопределённому интегралу.", 0),
(16, 4, "Разные значения \(C\) дают первообразные, отличающиеся на константу.", 1),

(17, 5, "\( \int x^n\,dx = \frac{x^{n+1}}{n+1}+C \), если \(n \ne -1\).", 1),
(18, 5, "\( \int \frac{1}{x}\,dx = \ln |x| + C \).", 1),
(19, 5, "\( \int \sin x\,dx = \cos x + C \).", 0),
(20, 5, "\( \int \cos x\,dx = \sin x + C \).", 1),

(21, 6, "Интеграл от суммы равен сумме интегралов.", 1),
(22, 6, "Интеграл от разности равен разности интегралов.", 1),
(23, 6, "Интеграл от суммы всегда равен произведению интегралов.", 0),
(24, 6, "Свойство линейности помогает упрощать интегрирование выражений.", 1),

(25, 7, "Постоянный множитель можно выносить за знак интеграла.", 1),
(26, 7, "\( \int 7f(x)\,dx = 7\int f(x)\,dx \).", 1),
(27, 7, "Постоянный множитель нельзя выносить за знак интеграла.", 0),
(28, 7, "\( \int -f(x)\,dx = -\int f(x)\,dx \).", 1),

(29, 8, "Чтобы проверить результат интегрирования, нужно продифференцировать найденную первообразную.", 1),
(30, 8, "Если производная найденной функции равна подынтегральной функции, интеграл найден верно.", 1),
(31, 8, "Проверка интеграла всегда выполняется повторным интегрированием.", 0),
(32, 8, "Постоянная \(C\) при дифференцировании исчезает.", 1),

(33, 9, "Метод замены переменной часто упрощает подынтегральное выражение.", 1),
(34, 9, "При замене переменной нужно учитывать дифференциал.", 1),
(35, 9, "После замены переменной никогда не нужно возвращаться к исходной переменной.", 0),
(36, 9, "Замена переменной особенно полезна для сложных функций.", 1),

(37, 10, "Формула интегрирования по частям имеет вид \( \int u\,dv = uv - \int v\,du \).", 1),
(38, 10, "Метод интегрирования по частям связан с правилом дифференцирования произведения.", 1),
(39, 10, "Интегрирование по частям применимо только к многочленам.", 0),
(40, 10, "При выборе \(u\) и \(dv\) важно упростить оставшийся интеграл.", 1),

(41, 11, "\( \frac{x^3}{3}+C \)", 1),
(42, 11, "\( 2x+C \)", 0),
(43, 11, "\( x^3+C \)", 0),
(44, 11, "\( \frac{x^2}{2}+C \)", 0),

(45, 12, "\( x^5+C \)", 1),
(46, 12, "\( 5x^5+C \)", 0),
(47, 12, "\( 20x^3+C \)", 0),
(48, 12, "\( \frac{5x^5}{4}+C \)", 0),

(49, 13, "\( \sin x+C \)", 1),
(50, 13, "\( -\sin x+C \)", 0),
(51, 13, "\( \cos x+C \)", 0),
(52, 13, "\( -\cos x+C \)", 0),

(53, 14, "\( -\cos x+C \)", 1),
(54, 14, "\( \cos x+C \)", 0),
(55, 14, "\( \sin x+C \)", 0),
(56, 14, "\( -\sin x+C \)", 0),

(57, 15, "\( \ln x+C \)", 1),
(58, 15, "\( x^{-2}+C \)", 0),
(59, 15, "\( \frac{x^2}{2}+C \)", 0),
(60, 15, "\( \frac{1}{x^2}+C \)", 0),

(61, 16, "\( 3e^x+C \)", 1),
(62, 16, "\( e^{3x}+C \)", 0),
(63, 16, "\( 3xe^x+C \)", 0),
(64, 16, "\( \frac{e^x}{3}+C \)", 0),

(65, 17, "\( x^2+3x+C \)", 1),
(66, 17, "\( 2x^2+3x+C \)", 0),
(67, 17, "\( x^2+3+C \)", 0),
(68, 17, "\( 2+3x+C \)", 0),

(69, 18, "\( \tan x+C \)", 1),
(70, 18, "\( \sin x+C \)", 0),
(71, 18, "\( -\cot x+C \)", 0),
(72, 18, "\( \cos x+C \)", 0),

(73, 19, "\( \arctan x+C \)", 1),
(74, 19, "\( \ln(1+x^2)+C \)", 0),
(75, 19, "\( \frac{x^2}{2}+C \)", 0),
(76, 19, "\( \tan x+C \)", 0),

(77, 20, "\( \frac{x^4}{4}-2x^2+C \)", 1),
(78, 20, "\( 3x^2-4+C \)", 0),
(79, 20, "\( \frac{x^4}{4}-4x^2+C \)", 0),
(80, 20, "\( x^4-2x+C \)", 0),

(81, 21, "Определённый интеграл имеет числовое значение.", 1),
(82, 21, "Определённый интеграл обязательно содержит постоянную \(C\).", 0),
(83, 21, "Определённый интеграл зависит от промежутка интегрирования.", 1),
(84, 21, "Определённый интеграл может быть связан с площадью фигуры.", 1),

(85, 22, "\( \int_a^b (f(x)+g(x))\,dx = \int_a^b f(x)\,dx + \int_a^b g(x)\,dx \).", 1),
(86, 22, "\( \int_a^b kf(x)\,dx = k\int_a^b f(x)\,dx \).", 1),
(87, 22, "\( \int_a^b f(x)\,dx = \int_b^a f(x)\,dx \).", 0),
(88, 22, "\( \int_a^a f(x)\,dx = 0 \).", 1),

(89, 23, "Если \(f(x)\ge 0\) на \([a;b]\), то \( \int_a^b f(x)\,dx \) равен площади под графиком.", 1),
(90, 23, "Геометрический смысл определённого интеграла не связан с площадью.", 0),
(91, 23, "Если функция ниже оси \(Ox\), интеграл может быть отрицательным.", 1),
(92, 23, "Площадь фигуры всегда равна отрицательному числу.", 0),

(93, 24, "Если \(F'(x)=f(x)\), то \( \int_a^b f(x)\,dx = F(b)-F(a) \).", 1),
(94, 24, "Формула Ньютона — Лейбница связывает определённый интеграл с первообразной.", 1),
(95, 24, "По формуле Ньютона — Лейбница нужно складывать \(F(a)\) и \(F(b)\).", 0),
(96, 24, "Для применения формулы нужна первообразная подынтегральной функции.", 1),

(97, 25, "Если \(f(x)\ge 0\) на \([a;b]\), то \( \int_a^b f(x)\,dx \ge 0 \).", 1),
(98, 25, "Если \(f(x)>0\) на \([a;b]\), интеграл всегда отрицателен.", 0),
(99, 25, "Для неотрицательной функции определённый интеграл можно понимать как площадь.", 1),
(100, 25, "Неотрицательность функции никак не влияет на знак интеграла.", 0),

(101, 26, "\( \int_a^b f(x)\,dx = -\int_b^a f(x)\,dx \).", 1),
(102, 26, "При перестановке пределов знак интеграла меняется.", 1),
(103, 26, "\( \int_a^b f(x)\,dx = \int_b^a f(x)\,dx \) всегда.", 0),
(104, 26, "\( \int_a^a f(x)\,dx = 0 \).", 1),

(105, 27, "Определённый интеграл от суммы равен сумме определённых интегралов.", 1),
(106, 27, "Определённый интеграл от разности равен разности определённых интегралов.", 1),
(107, 27, "Определённый интеграл от суммы всегда равен произведению интегралов.", 0),
(108, 27, "Линейность определённого интеграла похожа на линейность неопределённого интеграла.", 1),

(109, 28, "\( \int_a^b c\,dx = c(b-a) \), где \(c\) — постоянная.", 1),
(110, 28, "\( \int_a^b 0\,dx = 0 \).", 1),
(111, 28, "\( \int_a^b 1\,dx = b-a \).", 1),
(112, 28, "\( \int_a^b c\,dx = c+a+b \).", 0),

(113, 29, "Значение \( \int_a^b f(x)\,dx \) не зависит от буквы переменной интегрирования.", 1),
(114, 29, "\( \int_a^b f(x)\,dx \) и \( \int_a^b f(t)\,dt \) имеют одинаковый смысл.", 1),
(115, 29, "Переменная интегрирования обязательно должна называться только \(x\).", 0),
(116, 29, "Переменная под знаком интеграла является связанной переменной.", 1),

(117, 30, "Если \(f(x)\ge 0\), площадь криволинейной трапеции равна \( \int_a^b f(x)\,dx \).", 1),
(118, 30, "Если функция ниже оси \(Ox\), для площади нужно учитывать модуль.", 1),
(119, 30, "Площадь всегда равна самому интегралу без учёта знака функции.", 0),
(120, 30, "Определённый интеграл может использоваться для нахождения площади.", 1),

(121, 31, "2", 1),
(122, 31, "1", 0),
(123, 31, "4", 0),
(124, 31, "\( \frac{1}{2} \)", 0),

(125, 32, "\( \frac{1}{3} \)", 1),
(126, 32, "\( \frac{1}{2} \)", 0),
(127, 32, "1", 0),
(128, 32, "3", 0),

(129, 33, "2", 1),
(130, 33, "0", 0),
(131, 33, "1", 0),
(132, 33, "\( \pi \)", 0),

(133, 34, "1", 1),
(134, 34, "0", 0),
(135, 34, "2", 0),
(136, 34, "\( \frac{\pi}{2} \)", 0),

(137, 35, "1", 1),
(138, 35, "e", 0),
(139, 35, "0", 0),
(140, 35, "\( \ln 2 \)", 0),

(141, 36, "1", 1),
(142, 36, "3", 0),
(143, 36, "\( \frac{1}{3} \)", 0),
(144, 36, "\( \frac{3}{2} \)", 0),

(145, 37, "0", 1),
(146, 37, "1", 0),
(147, 37, "2", 0),
(148, 37, "-1", 0),

(149, 38, "6", 1),
(150, 38, "3", 0),
(151, 38, "2", 0),
(152, 38, "0", 0),

(153, 39, "4", 1),
(154, 39, "2", 0),
(155, 39, "3", 0),
(156, 39, "5", 0),

(157, 40, "\( \frac{1}{2} \)", 1),
(158, 40, "1", 0),
(159, 40, "\( -\frac{1}{2} \)", 0),
(160, 40, "2", 0),

(161, 41, "\( \frac{1}{6}e^{6x}+C \)", 1),
(162, 41, "\( e^{6x}+C \)", 0),
(163, 41, "\( 6e^{6x}+C \)", 0),
(164, 41, "\( e^x+C \)", 0),
(165, 42, "\( -2 \)", 0),
(166, 42, "\( -x^2+x+1 \)", 1),
(167, 42, "\( -x^2+x+C \)", 0),
(168, 42, "\( -x^2+1 \)", 0),
(169, 43, "\( -\frac{1}{5}\cos(1-5x)+C \)", 0),
(170, 43, "\( \frac{1}{5}\cos(1-5x)+C \)", 1),
(171, 43, "\( -5\cos(1-5x)+C \)", 0),
(172, 43, "\( 5\cos(1-5x)+C \)", 0),
(173, 44, "\( -\frac{\sqrt[3]{(1-x^3)^4}}{4}+C \)", 1),
(174, 44, "\( \frac{\sqrt[3]{(1-x^3)^4}}{4}+C \)", 0),
(175, 44, "\( -4\sqrt[3]{(1-x^3)^4}+C \)", 0),
(176, 44, "\( 4\sqrt[3]{(1-x^3)^4}+C \)", 0),
(177, 45, "\( -xe^{-x}-e^{-x}+C \)", 1),
(178, 45, "\( -e^{-x}+C \)", 0),
(179, 45, "\( xe^{-x}+e^{-x}+C \)", 0),
(180, 45, "\( -\frac{x^2}{2}e^{-x}-xe^{-x}+C \)", 0),
(181, 46, "1", 0),
(182, 46, "2", 0),
(183, 46, "3", 0),
(184, 46, "4", 1),
(185, 47, "Подвести \(\sin x\) под знак дифференциала", 0),
(186, 47, "Подвести \(\cos x\) под знак дифференциала", 0),
(187, 47, "Применить формулы понижения степени", 1),
(188, 47, "Применить формулу преобразования произведения в сумму", 0),
(189, 48, "\( x=t^4 \)", 0),
(190, 48, "\( x=t^2 \)", 0),
(191, 48, "\( x-1=t^4 \)", 1),
(192, 48, "\( x-1=t^2 \)", 0),
(193, 49, "\( 2\sin\frac{x}{2}-\frac{4}{3}\sin^3\frac{x}{2}+\frac{2}{5}\sin^5\frac{x}{2}+C \)", 1),
(194, 49, "\( 2\sin\frac{x}{2}+\frac{4}{3}\sin^3\frac{x}{2}+\frac{2}{5}\sin^5\frac{x}{2}+C \)", 0),
(195, 49, "\( \frac{1}{2}\sin\frac{x}{2}-\frac{1}{3}\sin^3\frac{x}{2}+\frac{1}{10}\sin^5\frac{x}{2}+C \)", 0),
(196, 49, "\( -2\cos\frac{x}{2}+\frac{4}{3}\cos^3\frac{x}{2}-\frac{2}{5}\cos^5\frac{x}{2}+C \)", 0),
(197, 50, "\( -\frac{4}{3}t^3-12t+6\sqrt{3}\ln\left|\frac{\sqrt{3}+t}{\sqrt{3}-t}\right|+C,\quad t=\sqrt[4]{x} \)", 1),
(198, 50, "\( -2t^2-6\ln|t^2-3|+C,\quad t=\sqrt[4]{x} \)", 0),
(199, 50, "\( \frac{4}{3}t^3+12t-6\sqrt{3}\ln\left|\frac{\sqrt{3}+t}{\sqrt{3}-t}\right|+C,\quad t=\sqrt[4]{x} \)", 0),
(200, 50, "\( -\frac{4}{3}t^3+12t+6\sqrt{3}\ln|3-t^2|+C,\quad t=\sqrt[4]{x} \)", 0),
(201, 51, "\( \frac{1}{2}\arctan(2x)+C \)", 1),
(202, 51, "\( \frac{1}{2}\ln|1+4x^2|+C \)", 0),
(203, 51, "\( \arctan(2x)+C \)", 0),
(204, 51, "\( \ln|1+4x^2|+C \)", 0),
(205, 52, "\( x^3+x^2-x-1 \)", 1),
(206, 52, "\( x^3+x^2-x+C \)", 0),
(207, 52, "\( 6x+2 \)", 0),
(208, 52, "\( 6x-1 \)", 0),
(209, 53, "\( \left(1+\frac{x}{4}\right)^4+C \)", 1),
(210, 53, "\( \frac{3}{4}\left(1+\frac{x}{4}\right)^2+C \)", 0),
(211, 53, "\( 3\sqrt[3]{1+\frac{x}{4}}+C \)", 0),
(212, 53, "\( \frac{1}{4}\left(1+\frac{x}{4}\right)^4+C \)", 0),
(213, 54, "\( \ln|\ln x|+C \)", 0),
(214, 54, "\( \frac{\ln x}{x}+C \)", 0),
(215, 54, "\( \ln x+C \)", 0),
(216, 54, "\( \frac{\ln^2 x}{2}+C \)", 1),
(217, 55, "\( \frac{1}{2}x\sin 2x+\frac{1}{4}\cos 2x+C \)", 1),
(218, 55, "\( \frac{1}{2}\sin 2x+C \)", 0),
(219, 55, "\( \frac{x^2}{4}\sin 2x+\frac{1}{4}\cos 2x+C \)", 0),
(220, 55, "\( \frac{1}{2}x\sin 2x-\frac{1}{4}\cos 2x+C \)", 0),
(221, 56, "1", 0),
(222, 56, "2", 1),
(223, 56, "3", 0),
(224, 56, "4", 0),
(225, 57, "Подвести \(\sin x\) под знак дифференциала", 1),
(226, 57, "Подвести \(\cos x\) под знак дифференциала", 0),
(227, 57, "Применить формулы понижения степени", 0),
(228, 57, "Применить формулу преобразования произведения в сумму", 0),
(229, 58, "\( x=t^6 \)", 0),
(230, 58, "\( x+4=t^2 \)", 0),
(231, 58, "\( x+4=t^3 \)", 0),
(232, 58, "\( x+4=t^6 \)", 1),
(233, 59, "\( \frac{3}{8}x-\frac{1}{10}\sin 5x+\frac{1}{80}\sin 10x+C \)", 1),
(234, 59, "\( \frac{3}{8}x+\frac{1}{10}\sin 5x+\frac{1}{80}\sin 10x+C \)", 0),
(235, 59, "\( -\frac{3}{8}x+\frac{1}{10}\sin 5x-\frac{1}{80}\sin 10x+C \)", 0),
(236, 59, "\( \frac{1}{4}x-\frac{1}{10}\cos 5x+\frac{1}{80}\cos 10x+C \)", 0),
(237, 60, "\( 48\left(\frac{t^3}{3}+2t+\frac{4}{2\sqrt{2}}\ln\left|\frac{t-\sqrt{2}}{t+\sqrt{2}}\right|\right)+C,\quad t=\sqrt[6]{x} \)", 1),
(238, 60, "\( 48\left(\frac{t^3}{3}-2t+\frac{4}{2\sqrt{2}}\ln\left|\frac{t-\sqrt{2}}{t+\sqrt{2}}\right|\right)+C \)", 0),
(239, 60, "\( 8\left(\frac{t^3}{3}+2t+\ln|t-2|\right)+C,\quad t=\sqrt[6]{x} \)", 0),
(240, 60, "\( 48\left(\frac{t^3}{3}+2t-\frac{4}{2\sqrt{2}}\ln\left|\frac{t-\sqrt{2}}{t+\sqrt{2}}\right|\right)+C \)", 0),
(241, 61, "\( 8\sin 8x+C \)", 0),
(242, 61, "\( \frac{1}{8}\sin 8x+C \)", 1),
(243, 61, "\( -8\sin 8x+C \)", 0),
(244, 61, "\( -\frac{1}{8}\sin 8x+C \)", 0),
(245, 62, "\( 2x^2-2x+C \)", 0),
(246, 62, "\( 4 \)", 0),
(247, 62, "\( 2x^2-2x \)", 1),
(248, 62, "\( 4x^2-2x+5 \)", 0),
(249, 63, "\( \frac{3}{2}(x+1)^{2/3}+C \)", 1),
(250, 63, "\( (x+1)^{2/3}+C \)", 0),
(251, 63, "\( -\frac{1}{3}(x+1)^{-4/3}+C \)", 0),
(252, 63, "\( \frac{1}{3}(x+1)^{4/3}+C \)", 0),
(253, 64, "\( \frac{1}{2}\arctan\frac{e^x}{2}+C \)", 1),
(254, 64, "\( \frac{1}{2}\arctan e^x+C \)", 0),
(255, 64, "\( \arctan e^x+C \)", 0),
(256, 64, "\( \ln(e^{2x}+4)+C \)", 0),
(257, 65, "\( \frac{x^2}{2}\ln(8x)-\frac{x^2}{4}+C \)", 1),
(258, 65, "\( \ln(8x)+C \)", 0),
(259, 65, "\( \frac{x^2}{2}\ln(8x)+\frac{x^2}{4}+C \)", 0),
(260, 65, "\( \frac{x}{8}+C \)", 0),
(261, 66, "1", 1),
(262, 66, "2", 0),
(263, 66, "3", 0),
(264, 66, "4", 0),
(265, 67, "Подвести \(\sin\frac{x}{2}\) под знак дифференциала", 0),
(266, 67, "Подвести \(\cos\frac{x}{2}\) под знак дифференциала", 0),
(267, 67, "Применить формулы понижения степени", 1),
(268, 67, "Применить формулу преобразования произведения в сумму", 0),
(269, 68, "\( x=t^2 \)", 0),
(270, 68, "\( x=t^4 \)", 0),
(271, 68, "\( 3x+1=t^2 \)", 0),
(272, 68, "\( 3x+1=t^4 \)", 1),
(273, 69, "\( \frac{1}{2}\ln\left|\frac{t-1}{t+3}\right|+C,\quad t=\tan\frac{x}{2} \)", 1),
(274, 69, "\( \frac{1}{2}\ln\left|\frac{t+1}{t-3}\right|+C,\quad t=\tan\frac{x}{2} \)", 0),
(275, 69, "\( \ln|\sin x-2\cos x-1|+C \)", 0),
(276, 69, "\( -\frac{1}{2}\ln\left|\frac{t-1}{t+3}\right|+C \)", 0),
(277, 70, "\( 6\left(\frac{t^3}{3}-\frac{t^2}{2}+t-\ln|t+1|\right)+C,\quad t=\sqrt[6]{x} \)", 1),
(278, 70, "\( 6\left(\frac{t^3}{3}+\frac{t^2}{2}+t-\ln|t+1|\right)+C \)", 0),
(279, 70, "\( 6\left(\frac{t^3}{3}-\frac{t^2}{2}-t+\ln|t+1|\right)+C \)", 0),
(280, 70, "\( \frac{t^3}{3}-\frac{t^2}{2}+t-\ln|t+1|+C,\quad t=\sqrt[6]{x} \)", 0),
(281, 71, "\( 9^x+C \)", 0),
(282, 71, "\( 9^x\ln 9+C \)", 0),
(283, 71, "\( \frac{9^x}{\ln 9}+C \)", 1),
(284, 71, "\( \frac{1}{9}9^x+C \)", 0),
(285, 72, "\( -2x^3+2x^2+3x \)", 1),
(286, 72, "\( -2x^3+2x^2+3x+C \)", 0),
(287, 72, "\( -6 \)", 0),
(288, 72, "\( -12x+4 \)", 0),
(289, 73, "\( -\frac{1}{\cos(3x+2)}+C \)", 0),
(290, 73, "\( 3\tan(3x+2)+C \)", 0),
(291, 73, "\( \frac{1}{3}\tan(3x+2)+C \)", 1),
(292, 73, "\( \tan(3x+2)+C \)", 0),
(293, 74, "\( \frac{3}{4}\cot(2x^2)+C \)", 0),
(294, 74, "\( \tan(2x^2)+C \)", 0),
(295, 74, "\( \frac{3}{4}\tan(2x^2)+C \)", 1),
(296, 74, "\( -\frac{3}{4}\tan(2x^2)+C \)", 0),
(297, 75, "\( (4x+3)e^x-4e^x+C \)", 0),
(298, 75, "\( (4x-3)e^x+4e^x+C \)", 0),
(299, 75, "\( 4e^x-(4x-3)e^x+C \)", 0),
(300, 75, "\( (4x-3)e^x-4e^x+C \)", 1),
(301, 76, "1", 0),
(302, 76, "2", 0),
(303, 76, "3", 1),
(304, 76, "4", 0),
(305, 77, "Подвести \(\sin x\) под знак дифференциала", 0),
(306, 77, "Подвести \(\cos x\) под знак дифференциала", 0),
(307, 77, "Подвести \(\sin 4x\) под знак дифференциала", 0),
(308, 77, "Подвести \(\cos 4x\) под знак дифференциала", 1),
(309, 78, "\( 4x=t^6 \)", 0),
(310, 78, "\( 4x+1=t^2 \)", 0),
(311, 78, "\( 4x+1=t^3 \)", 0),
(312, 78, "\( 4x+1=t^6 \)", 1),
(313, 79, "\( \frac{\tan^4(3x)}{12}-\frac{\tan^2(3x)}{6}-\frac{1}{3}\ln|\cos 3x|+C \)", 1),
(314, 79, "\( \frac{\tan^4(3x)}{4}-\frac{\tan^2(3x)}{2}-\ln|\cos 3x|+C \)", 0),
(315, 79, "\( \frac{\tan^4(3x)}{12}+\frac{\tan^2(3x)}{6}+\frac{1}{3}\ln|\cos 3x|+C \)", 0),
(316, 79, "\( -\frac{\cot^4(3x)}{12}+\frac{\cot^2(3x)}{6}+\frac{1}{3}\ln|\sin 3x|+C \)", 0),
(317, 80, "\( 16\left(\frac{t^5}{5}-\frac{6t^4}{4}+\frac{36t^3}{3}-\frac{216t^2}{2}+1296t-7776\ln|t+6|\right)+C,\quad t=\sqrt[4]{x} \)", 1),
(318, 80, "\( 16\left(\frac{t^5}{5}+\frac{6t^4}{4}+\frac{36t^3}{3}+\frac{216t^2}{2}+1296t+7776\ln|t+6|\right)+C \)", 0),
(319, 80, "\( 4\left(\frac{t^5}{5}-\frac{6t^4}{4}+\frac{36t^3}{3}-\frac{216t^2}{2}\right)+C,\quad t=\sqrt[4]{x} \)", 0),
(320, 80, "\( 16\left(\frac{t^5}{5}-\frac{6t^4}{4}+\frac{36t^3}{3}-\frac{216t^2}{2}+1296t+7776\ln|t+6|\right)+C \)", 0),
(321, 81, "\( 4\cos 4x+C \)", 0),
(322, 81, "\( \frac{1}{4}\cos 4x+C \)", 0),
(323, 81, "\( -4\cos 4x+C \)", 0),
(324, 81, "\( -\frac{1}{4}\cos 4x+C \)", 1),
(325, 82, "\( 2x^2-7x+2 \)", 0),
(326, 82, "\( x^2-7x+C \)", 0),
(327, 82, "\( -2 \)", 0),
(328, 82, "\( x^2-7x+2 \)", 1),
(329, 83, "\( -\frac{3}{(3x+5)^2}+C \)", 0),
(330, 83, "\( -\frac{1}{(3x+5)^2}+C \)", 0),
(331, 83, "\( \frac{1}{3}\ln|3x+5|+C \)", 1),
(332, 83, "\( \ln|3x+5|+C \)", 0),
(333, 84, "\( \frac{\sqrt[3]{x^5+5}}{15}+C \)", 0),
(334, 84, "\( -\frac{(x^5+5)^3}{15}+C \)", 0),
(335, 84, "\( -\frac{1}{15(x^5+5)^3}+C \)", 1),
(336, 84, "\( \frac{\sqrt[3]{x^5+5}}{15}+C \)", 0),
(337, 85, "\( -\frac{1}{5}x\cos 5x+\frac{1}{25}\sin 5x+C \)", 1),
(338, 85, "\( -\frac{x^2}{10}\cos 5x+\frac{1}{25}\sin 5x+C \)", 0),
(339, 85, "\( -\frac{1}{5}\cos 5x+C \)", 0),
(340, 85, "\( \frac{1}{5}x\cos 5x-\frac{1}{25}\sin 5x+C \)", 0),
(341, 86, "1", 0),
(342, 86, "2", 1),
(343, 86, "3", 0),
(344, 86, "4", 0),
(345, 87, "Подвести \(\sin 2x\) под знак дифференциала", 0),
(346, 87, "Подвести \(\cos 2x\) под знак дифференциала", 0),
(347, 87, "Применить формулы понижения степени", 1),
(348, 87, "Применить формулу преобразования произведения в сумму", 0),
(349, 88, "\( x=t^2 \)", 0),
(350, 88, "\( x=t^4 \)", 0),
(351, 88, "\( x+1=t^2 \)", 0),
(352, 88, "\( x+1=t^4 \)", 1),
(353, 89, "\( -\frac{3}{2}\cos\frac{2x}{3}+\cos^3\frac{2x}{3}-\frac{3}{10}\cos^5\frac{2x}{3}+C \)", 1),
(354, 89, "\( \frac{3}{2}\cos\frac{2x}{3}-\cos^3\frac{2x}{3}+\frac{3}{10}\cos^5\frac{2x}{3}+C \)", 0),
(355, 89, "\( -\frac{3}{2}\sin\frac{2x}{3}+\sin^3\frac{2x}{3}-\frac{3}{10}\sin^5\frac{2x}{3}+C \)", 0),
(356, 89, "\( -\frac{2}{3}\cos\frac{2x}{3}+\frac{1}{3}\cos^3\frac{2x}{3}+C \)", 0),
(357, 90, "\( 6\left(\frac{t^7}{7}-\frac{t^5}{5}+\frac{t^3}{3}-t+\arctan t\right)+C,\quad t=\sqrt[6]{x} \)", 1),
(358, 90, "\( 6\left(\frac{t^7}{7}+\frac{t^5}{5}+\frac{t^3}{3}+t+\arctan t\right)+C \)", 0),
(359, 90, "\( 6\left(\frac{t^7}{7}-\frac{t^5}{5}+\frac{t^3}{3}+t-\arctan t\right)+C \)", 0),
(360, 90, "\( \frac{t^7}{7}-\frac{t^5}{5}+\frac{t^3}{3}-t+\arctan t+C,\quad t=\sqrt[6]{x} \)", 0),
(361, 91, "\( \frac{1}{4}\arcsin(4x)+C \)", 1),
(362, 91, "\( \frac{1}{4}\ln|4x+\sqrt{1-16x^2}|+C \)", 0),
(363, 91, "\( -\frac{1}{6(1-16x^2)^{3/2}}+C \)", 0),
(364, 91, "\( \sqrt{1-16x^2}+C \)", 0),
(365, 92, "\( 3x^3+5x+C \)", 0),
(366, 92, "\( 3x^3+5x^2+C \)", 0),
(367, 92, "\( 3x^3+5x+5 \)", 1),
(368, 92, "\( 18x \)", 0),
(369, 93, "\( 15(2x+3)^{14}+C \)", 0),
(370, 93, "\( (2x+3)^{16}+C \)", 0),
(371, 93, "\( \frac{1}{16}(2x+3)^{16}+C \)", 0),
(372, 93, "\( \frac{1}{32}(2x+3)^{16}+C \)", 1),
(373, 94, "\( 2(1-e^x)^{3/2}+C \)", 0),
(374, 94, "\( -2(1-e^x)^{1/2}+C \)", 1),
(375, 94, "\( 2(1-e^x)^{1/2}+C \)", 0),
(376, 94, "\( -2(1-e^x)^{3/2}+C \)", 0),
(377, 95, "\( x\ln(1+x^2)-2x+2\arctan x+C \)", 1),
(378, 95, "\( x\ln(1+x^2)+2x+2\arctan x+C \)", 0),
(379, 95, "\( x\ln(1+x^2)-2x-2\arctan x+C \)", 0),
(380, 95, "\( x\ln(1+x^2)-x+2\arctan x+C \)", 0),
(381, 96, "1", 1),
(382, 96, "2", 0),
(383, 96, "3", 0),
(384, 96, "4", 0),
(385, 97, "Подвести \(\sin x\) под знак дифференциала", 1),
(386, 97, "Подвести \(\cos x\) под знак дифференциала", 0),
(387, 97, "Применить формулы понижения степени", 0),
(388, 97, "Применить формулу преобразования произведения в сумму", 0),
(389, 98, "\( x=t^6 \)", 0),
(390, 98, "\( x+1=t^2 \)", 0),
(391, 98, "\( x+1=t^3 \)", 0),
(392, 98, "\( x+1=t^6 \)", 1),
(393, 99, "\( \frac{3}{8}x+\frac{5}{8}\sin\frac{4x}{5}+\frac{5}{64}\sin\frac{8x}{5}+C \)", 1),
(394, 99, "\( \frac{3}{8}x-\frac{5}{8}\sin\frac{4x}{5}+\frac{5}{64}\sin\frac{8x}{5}+C \)", 0),
(395, 99, "\( \frac{3}{8}x+\frac{1}{8}\sin\frac{4x}{5}+\frac{1}{64}\sin\frac{8x}{5}+C \)", 0),
(396, 99, "\( \frac{5}{8}x+\frac{3}{8}\sin\frac{4x}{5}+\frac{5}{64}\sin\frac{8x}{5}+C \)", 0),
(397, 100, "\( -6\left(\frac{t^4}{4}+\frac{4t^3}{3}+\frac{16t^2}{2}+64t+256\ln|t-4|\right)+C,\quad t=\sqrt[6]{x} \)", 1),
(398, 100, "\( 6\left(\frac{t^4}{4}+\frac{4t^3}{3}+\frac{16t^2}{2}+64t+256\ln|t-4|\right)+C \)", 0),
(399, 100, "\( -6\left(\frac{t^4}{4}-\frac{4t^3}{3}+\frac{16t^2}{2}-64t+256\ln|t-4|\right)+C \)", 0),
(400, 100, "\( -\left(\frac{t^4}{4}+\frac{4t^3}{3}+\frac{16t^2}{2}+64t+256\ln|t-4|\right)+C,\quad t=\sqrt[6]{x} \)", 0),
(401, 101, "\( \ln|5x|+C \)", 0),
(402, 101, "\( 5\ln|5x|+C \)", 0),
(403, 101, "\( \frac{1}{5}\ln|x|+C \)", 1),
(404, 101, "\( -\frac{1}{5x^2}+C \)", 0),
(405, 102, "\( -4x^2+2x+C \)", 0),
(406, 102, "\( -8 \)", 0),
(407, 102, "\( -4x^2+2x \)", 1),
(408, 102, "\( -8x^2+2x \)", 0),
(409, 103, "\( \frac{1}{2}\sin(2x+3)+C \)", 1),
(410, 103, "\( -2\sin(2x+3)+C \)", 0),
(411, 103, "\( -\frac{1}{2}\sin(2x+3)+C \)", 0),
(412, 103, "\( 2\sin(2x+3)+C \)", 0),
(413, 104, "\( -\arctan(\cos x)+C \)", 0),
(414, 104, "\( \arctan(\cos x)+C \)", 1),
(415, 104, "\( \arctan(\sin x)+C \)", 0),
(416, 104, "\( -\arctan(\sin x)+C \)", 0),
(417, 105, "\( \frac{1}{3}(x+5)e^{3x}+\frac{1}{9}e^{3x}+C \)", 0),
(418, 105, "\( \frac{5}{3}e^{3x}+C \)", 0),
(419, 105, "\( \frac{1}{3}(x+5)e^{3x}-\frac{1}{9}e^{3x}+C \)", 1),
(420, 105, "\( \left(\frac{x^2}{2}+5x\right)e^{3x}-\frac{1}{9}e^{3x}+C \)", 0),
(421, 106, "1", 0),
(422, 106, "2", 1),
(423, 106, "3", 0),
(424, 106, "4", 0),
(425, 107, "Подвести \(\sin 2x\) под знак дифференциала", 0),
(426, 107, "Подвести \(\cos 2x\) под знак дифференциала", 1),
(427, 107, "Применить формулы понижения степени", 0),
(428, 107, "Выполнить замену \( t=\cot 2x \)", 0),
(429, 108, "\( 2x=t^6 \)", 0),
(430, 108, "\( 2x-1=t^3 \)", 0),
(431, 108, "\( 2x-1=t^2 \)", 0),
(432, 108, "\( 2x-1=t^6 \)", 1),
(433, 109, "\( \frac{10}{\sqrt{3}}\arctan\frac{t+2}{\sqrt{3}}+C,\quad t=\tan\frac{x}{2} \)", 1),
(434, 109, "\( \frac{5}{\sqrt{3}}\arctan\frac{t+2}{\sqrt{3}}+C,\quad t=\tan\frac{x}{2} \)", 0),
(435, 109, "\( \frac{10}{\sqrt{3}}\arctan\frac{t-2}{\sqrt{3}}+C,\quad t=\tan\frac{x}{2} \)", 0),
(436, 109, "\( 5\ln|2\sin x+3\cos x+4|+C \)", 0),
(437, 110, "\( 4\left(\frac{t^3}{3}-t+\arctan t\right)+C,\quad t=\sqrt[4]{x} \)", 1),
(438, 110, "\( 4\left(\frac{t^3}{3}+t+\arctan t\right)+C \)", 0),
(439, 110, "\( \frac{t^3}{3}-t+\arctan t+C,\quad t=\sqrt[4]{x} \)", 0),
(440, 110, "\( 4\left(\frac{t^3}{3}-t-\arctan t\right)+C \)", 0),
(441, 111, "\( 5(x+4)^4+C \)", 0),
(442, 111, "\( \frac{(x+4)^6}{6}+C \)", 1),
(443, 111, "\( \frac{(x+4)^4}{4}+C \)", 0),
(444, 111, "\( (x+4)^6+C \)", 0),
(445, 112, "\( -4x-1 \)", 0),
(446, 112, "\( -\frac{2}{3}x^3-\frac{1}{2}x^2-1 \)", 1),
(447, 112, "\( -2x^3-x^2 \)", 0),
(448, 112, "\( -\frac{2}{3}x^3-\frac{1}{2}x^2+C \)", 0),
(449, 113, "\( -2e^{3-2x}+C \)", 0),
(450, 113, "\( -\frac{1}{2}e^{3-2x}+C \)", 1),
(451, 113, "\( \frac{1}{2}e^{3-2x}+C \)", 0),
(452, 113, "\( 2e^{3-2x}+C \)", 0),
(453, 114, "\( \frac{\cos(2^x)}{\ln 2}+C \)", 0),
(454, 114, "\( -\frac{\cos(2^x)}{\ln 2}+C \)", 1),
(455, 114, "\( \ln2\cdot\cos(2^x)+C \)", 0),
(456, 114, "\( -\ln2\cdot\cos(2^x)+C \)", 0),
(457, 115, "\( (2x-1)\sin x-2\cos x+C \)", 0),
(458, 115, "\( (2x-1)\sin x+2\cos x+C \)", 1),
(459, 115, "\( 2\sin x+C \)", 0),
(460, 115, "\( (x^2-x)\sin x-2\cos x+C \)", 0),
(461, 116, "1", 0),
(462, 116, "2", 0),
(463, 116, "3", 1),
(464, 116, "4", 0),
(465, 117, "Подвести \(\sin 5x\) под знак дифференциала", 0),
(466, 117, "Подвести \(\cos 3x\) под знак дифференциала", 0),
(467, 117, "Применить формулы понижения степени", 0),
(468, 117, "Применить формулу преобразования произведения в сумму", 1),
(469, 118, "\( 3x+2=t^6 \)", 1),
(470, 118, "\( 3x+2=t^3 \)", 0),
(471, 118, "\( 3x+2=t^2 \)", 0),
(472, 118, "\( 4+x=t^6 \)", 0),
(473, 119, "\( -\frac{\cot^4(3x/2)}{6}+\frac{\cot^2(3x/2)}{3}+\frac{2}{3}\ln\left|\sin\frac{3x}{2}\right|+C \)", 1),
(474, 119, "\( -\frac{\cot^4(3x/2)}{4}+\frac{\cot^2(3x/2)}{2}+\ln\left|\sin\frac{3x}{2}\right|+C \)", 0),
(475, 119, "\( \frac{\tan^4(3x/2)}{6}-\frac{\tan^2(3x/2)}{3}-\frac{2}{3}\ln\left|\cos\frac{3x}{2}\right|+C \)", 0),
(476, 119, "\( -\frac{\cot^4(3x/2)}{6}-\frac{\cot^2(3x/2)}{3}+\frac{2}{3}\ln\left|\sin\frac{3x}{2}\right|+C \)", 0),
(477, 120, "\( 18\left(\frac{t^3}{3}-2t+\frac{4}{\sqrt{2}}\arctan\frac{t}{\sqrt{2}}\right)+C,\quad t=\sqrt[6]{x} \)", 1),
(478, 120, "\( 18\left(\frac{t^3}{3}+2t+\frac{4}{\sqrt{2}}\arctan\frac{t}{\sqrt{2}}\right)+C \)", 0),
(479, 120, "\( 18\left(\frac{t^3}{3}-2t-\frac{4}{\sqrt{2}}\arctan\frac{t}{\sqrt{2}}\right)+C \)", 0),
(480, 120, "\( 3\left(\frac{t^3}{3}-2t+\frac{4}{\sqrt{2}}\arctan\frac{t}{\sqrt{2}}\right)+C,\quad t=\sqrt[6]{x} \)", 0),
(481, 121, "\( \frac{1}{3}\sin(3x+2)+C \)", 1),
(482, 121, "\( -\frac{1}{3}\sin(3x+2)+C \)", 0),
(483, 121, "\( 3\sin(3x+2)+C \)", 0),
(484, 121, "\( -3\sin(3x+2)+C \)", 0),
(485, 122, "\( \frac{x^2}{2}-6x+3 \)", 1),
(486, 122, "\( \frac{x^2}{2}-6x+C \)", 0),
(487, 122, "\( 1 \)", 0),
(488, 122, "\( x^2-6x \)", 0),
(489, 123, "\( \frac{1}{8}(1+2x)^8+C \)", 0),
(490, 123, "\( \frac{1}{16}(1+2x)^8 \)", 0),
(491, 123, "\( \frac{1}{16}(1+2x)^8+C \)", 1),
(492, 123, "\( \frac{1}{2}(1+2x)^8+C \)", 0),
(493, 124, "\( -\sqrt{1-x^2}+C \)", 1),
(494, 124, "\( \sqrt{1-x^2}+C \)", 0),
(495, 124, "\( -\frac{\sqrt{1-x^2}}{2}+C \)", 0),
(496, 124, "\( -2\sqrt{x^2-1}+C \)", 0),
(497, 125, "\( x^{3/2}\ln x-\frac{4}{10}x^{5/2}+C \)", 0),
(498, 125, "\( x^{1/2}\ln x-\frac{4}{9}x^{3/2}+C \)", 0),
(499, 125, "\( x^{5/2}\ln x+\frac{4}{25}x^{5/2}+C \)", 0),
(500, 125, "\( x^{5/2}\ln x-\frac{4}{25}x^{5/2}+C \)", 1),
(501, 126, "1", 1),
(502, 126, "2", 0),
(503, 126, "3", 0),
(504, 126, "4", 0),
(505, 127, "Подвести \(\sin\frac{x}{5}\) под знак дифференциала", 1),
(506, 127, "Подвести \(\cos\frac{x}{5}\) под знак дифференциала", 0),
(507, 127, "Применить формулы понижения степени", 0),
(508, 127, "Применить формулу преобразования произведения в сумму", 0),
(509, 128, "\( x+4=t^4 \)", 1),
(510, 128, "\( x+4=t^2 \)", 0),
(511, 128, "\( x=t^2 \)", 0),
(512, 128, "\( x=t^4 \)", 0),
(513, 129, "\( \frac{5}{3}\sin\frac{3x}{5}-\frac{10}{9}\sin^3\frac{3x}{5}+\frac{1}{3}\sin^5\frac{3x}{5}+C \)", 1),
(514, 129, "\( \frac{5}{3}\sin\frac{3x}{5}+\frac{10}{9}\sin^3\frac{3x}{5}+\frac{1}{3}\sin^5\frac{3x}{5}+C \)", 0),
(515, 129, "\( -\frac{5}{3}\cos\frac{3x}{5}+\frac{10}{9}\cos^3\frac{3x}{5}-\frac{1}{3}\cos^5\frac{3x}{5}+C \)", 0),
(516, 129, "\( \frac{3}{5}\sin\frac{3x}{5}-\frac{2}{9}\sin^3\frac{3x}{5}+\frac{1}{15}\sin^5\frac{3x}{5}+C \)", 0),
(517, 130, "\( -6\left(\frac{t^3}{3}+\frac{3t^2}{2}+9t+27\ln|t-3|\right)+C,\quad t=\sqrt[6]{x} \)", 1),
(518, 130, "\( 6\left(\frac{t^3}{3}+\frac{3t^2}{2}+9t+27\ln|t-3|\right)+C \)", 0),
(519, 130, "\( -6\left(\frac{t^3}{3}-\frac{3t^2}{2}+9t-27\ln|t-3|\right)+C \)", 0),
(520, 130, "\( -\left(\frac{t^3}{3}+\frac{3t^2}{2}+9t+27\ln|t-3|\right)+C,\quad t=\sqrt[6]{x} \)", 0),
(521, 131, "\( 5^{x+3}+C \)", 0),
(522, 131, "\( 5^{x+3}\ln 5+C \)", 0),
(523, 131, "\( \frac{5^{x+3}}{5}+C \)", 0),
(524, 131, "\( \frac{5^{x+3}}{\ln 5}+C \)", 1),
(525, 132, "\( \frac{4}{3}x^3-\frac{3}{2}x^2+5x+C \)", 0),
(526, 132, "\( 4x^3-3x^2+5x+C \)", 0),
(527, 132, "\( 8x-3 \)", 0),
(528, 132, "\( \frac{4}{3}x^3-\frac{3}{2}x^2+5x+2 \)", 1),
(529, 133, "\( \ln|2-3x|+C \)", 0),
(530, 133, "\( -\frac{1}{3}\ln|2-3x|+C \)", 1),
(531, 133, "\( -\frac{3}{(2-3x)^2}+C \)", 0),
(532, 133, "\( \frac{1}{2}\ln|2-3x|+C \)", 0),
(533, 134, "\( \frac{1}{3}+\ln|2^x|+C \)", 0),
(534, 134, "\( \ln|3+2^x|+C \)", 0),
(535, 134, "\( \frac{1}{\ln 2}\ln|3+2^x|+C \)", 1),
(536, 134, "\( \frac{1}{\sqrt{3}\ln2}\arctan\frac{2^x}{\sqrt{3}}+C \)", 0),
(537, 135, "\( \left(\frac{x^2}{2}+x\right)e^x+C \)", 0),
(538, 135, "\( xe^x+C \)", 1),
(539, 135, "\( (x+2)e^x+C \)", 0),
(540, 135, "\( (x-2)e^x+C \)", 0),
(541, 136, "1", 0),
(542, 136, "2", 1),
(543, 136, "3", 0),
(544, 136, "4", 0),
(545, 137, "Подвести \(\sin\frac{3x}{5}\) под знак дифференциала", 0),
(546, 137, "Подвести \(\cos\frac{3x}{5}\) под знак дифференциала", 0),
(547, 137, "Применить формулы понижения степени", 1),
(548, 137, "Применить формулу преобразования произведения в сумму", 0),
(549, 138, "\( x-11=t^6 \)", 0),
(550, 138, "\( x+2=t^6 \)", 1),
(551, 138, "\( x+2=t^2 \)", 0),
(552, 138, "\( x+2=t^3 \)", 0),
(553, 139, "\( \frac{3}{8}x-\frac{1}{32}\sin 8x+\frac{1}{128}\sin 16x+C \)", 1),
(554, 139, "\( \frac{3}{8}x+\frac{1}{32}\sin 8x+\frac{1}{128}\sin 16x+C \)", 0),
(555, 139, "\( \frac{3}{8}x-\frac{1}{16}\sin 8x+\frac{1}{128}\sin 16x+C \)", 0),
(556, 139, "\( \frac{1}{4}x-\frac{1}{32}\sin 8x+\frac{1}{128}\sin 16x+C \)", 0),
(557, 140, "\( 4\left(\frac{t^5}{5}+\frac{2t^4}{4}+\frac{4t^3}{3}+\frac{8t^2}{2}+16t+32\ln|t-2|\right)+C,\quad t=\sqrt[4]{x} \)", 1),
(558, 140, "\( 4\left(\frac{t^5}{5}-\frac{2t^4}{4}+\frac{4t^3}{3}-\frac{8t^2}{2}+16t-32\ln|t-2|\right)+C \)", 0),
(559, 140, "\( \frac{t^5}{5}+\frac{2t^4}{4}+\frac{4t^3}{3}+\frac{8t^2}{2}+16t+32\ln|t-2|+C,\quad t=\sqrt[4]{x} \)", 0),
(560, 140, "\( 4\left(\frac{t^5}{5}+\frac{2t^4}{4}+\frac{4t^3}{3}+\frac{8t^2}{2}+16t-32\ln|t-2|\right)+C \)", 0),

(561, 141, "\( -2 \)", 1),
(562, 141, "\( 2 \)", 0),
(563, 141, "\( 0 \)", 0),
(564, 141, "\( -4 \)", 0),
(565, 142, "\( \frac{1}{28} \)", 1),
(566, 142, "\( -\frac{1}{28} \)", 0),
(567, 142, "\( \frac{1}{4} \)", 0),
(568, 142, "\( -\frac{1}{4} \)", 0),
(569, 143, "А — расходится, В — сходится", 1),
(570, 143, "А и В расходятся", 0),
(571, 143, "А и В сходятся", 0),
(572, 143, "А — сходится, В — расходится", 0),
(573, 144, "\( \frac{15\pi}{2} \)", 1),
(574, 144, "\( \frac{14\pi}{3} \)", 0),
(575, 144, "\( \frac{14}{3} \)", 0),
(576, 144, "\( \frac{15}{2} \)", 0),
(577, 145, "\( \frac{\pi}{3} \)", 0),
(578, 145, "\( \pi \)", 1),
(579, 145, "\( 3\pi \)", 0),
(580, 145, "\( 5\pi \)", 0),
(581, 146, "\( \frac{352}{15} \)", 1),
(582, 146, "\( \frac{224}{15} \)", 0),
(583, 146, "\( \frac{176}{15} \)", 0),
(584, 146, "\( \frac{352}{5} \)", 0),
(585, 147, "\( e^3-\frac{11}{2} \)", 1),
(586, 147, "\( e^3-\frac{9}{2} \)", 0),
(587, 147, "\( e^3+\frac{11}{2} \)", 0),
(588, 147, "\( \frac{11}{2}-e^3 \)", 0),
(589, 148, "\( 3 \)", 1),
(590, 148, "\( 2 \)", 0),
(591, 148, "\( 4 \)", 0),
(592, 148, "\( 1 \)", 0),
(593, 149, "\( \frac{1}{5} \)", 0),
(594, 149, "\( 0 \)", 0),
(595, 149, "\( \frac{1}{6} \)", 1),
(596, 149, "\( 1 \)", 0),
(597, 150, "А — расходится, В — сходится", 0),
(598, 150, "А и В расходятся", 1),
(599, 150, "А и В сходятся", 0),
(600, 150, "А — сходится, В — расходится", 0),
(601, 151, "\( 3 \)", 0),
(602, 151, "\( 1 \)", 0),
(603, 151, "\( 2 \)", 0),
(604, 151, "\( 4 \)", 1),
(605, 152, "\( \frac{125\pi}{6} \)", 0),
(606, 152, "\( \frac{25\pi}{6} \)", 1),
(607, 152, "\( \frac{65\pi}{6} \)", 0),
(608, 152, "\( \frac{13\pi}{6} \)", 0),
(609, 153, "\( 4e^2-12 \)", 1),
(610, 153, "\( 4e^2+12 \)", 0),
(611, 153, "\( 2e^2-12 \)", 0),
(612, 153, "\( 12-4e^2 \)", 0),
(613, 154, "\( \frac{\pi}{2} \)", 1),
(614, 154, "\( \pi \)", 0),
(615, 154, "\( \frac{\pi}{4} \)", 0),
(616, 154, "\( 2\pi \)", 0),
(617, 155, "\( -1 \)", 1),
(618, 155, "\( 1 \)", 0),
(619, 155, "\( 0 \)", 0),
(620, 155, "\( -2 \)", 0),
(621, 156, "\( \ln 2 \)", 0),
(622, 156, "\( \frac{1}{8}\ln 2 \)", 0),
(623, 156, "\( \frac{\pi}{16} \)", 1),
(624, 156, "\( \frac{\pi}{4} \)", 0),
(625, 157, "А — расходится, В — сходится", 0),
(626, 157, "А и В расходятся", 0),
(627, 157, "А и В сходятся", 1),
(628, 157, "А — сходится, В — расходится", 0),
(629, 158, "\( \frac{1}{2} \)", 0),
(630, 158, "\( \frac{\sqrt3}{2} \)", 0),
(631, 158, "\( \frac{1}{2}+\frac{\pi}{3} \)", 0),
(632, 158, "\( \frac{\sqrt3}{2}+\frac{\pi}{3} \)", 1),
(633, 159, "\( \int_{-1}^{1}\sqrt{1+\frac{-x}{\sqrt{4-x^2}}}\,dx \)", 0),
(634, 159, "\( \int_{-1}^{1}\sqrt{1+\left(\frac{-x}{\sqrt{4-x^2}}\right)^2}\,dx \)", 1),
(635, 159, "\( \int_{-1}^{1}\sqrt{1+\frac{1}{2\sqrt{4-x^2}}}\,dx \)", 0),
(636, 159, "\( \int_{-1}^{1}\sqrt{1+\left(\frac{1}{2\sqrt{4-x^2}}\right)^2}\,dx \)", 0),
(637, 160, "\( \frac{20}{3} \)", 1),
(638, 160, "\( \frac{10}{3} \)", 0),
(639, 160, "\( 20 \)", 0),
(640, 160, "\( \frac{16}{3} \)", 0),
(641, 161, "\( 2\pi \)", 1),
(642, 161, "\( \pi \)", 0),
(643, 161, "\( 4\pi \)", 0),
(644, 161, "\( \frac{\pi}{2} \)", 0),
(645, 162, "\( \frac{1}{4} \)", 1),
(646, 162, "\( \frac{1}{2} \)", 0),
(647, 162, "\( \frac{\pi}{4} \)", 0),
(648, 162, "\( 1 \)", 0),
(649, 163, "\( \frac{1}{3} \)", 0),
(650, 163, "\( \frac{1}{12} \)", 1),
(651, 163, "\( 0 \)", 0),
(652, 163, "\( \frac{1}{4} \)", 0),
(653, 164, "А — расходится, В — сходится", 0),
(654, 164, "А и В расходятся", 1),
(655, 164, "А и В сходятся", 0),
(656, 164, "А — сходится, В — расходится", 0),
(657, 165, "\( 0{,}25 \)", 1),
(658, 165, "\( 0{,}75 \)", 0),
(659, 165, "\( 1 \)", 0),
(660, 165, "\( \frac{4}{3} \)", 0),
(661, 166, "\( \frac{21\pi}{4} \)", 0),
(662, 166, "\( \frac{9\pi}{4} \)", 0),
(663, 166, "\( \frac{7\pi}{4} \)", 1),
(664, 166, "\( \frac{7\pi}{12} \)", 0),
(665, 167, "\( \frac{1}{9} \)", 1),
(666, 167, "\( \frac{2}{9} \)", 0),
(667, 167, "\( -\frac{1}{9} \)", 0),
(668, 167, "\( \frac{\pi}{6} \)", 0),
(669, 168, "\( 8\pi \)", 1),
(670, 168, "\( 4\pi \)", 0),
(671, 168, "\( 16\pi \)", 0),
(672, 168, "\( 8 \)", 0),
(673, 169, "\( 6 \)", 1),
(674, 169, "\( 5 \)", 0),
(675, 169, "\( 7 \)", 0),
(676, 169, "\( 3 \)", 0),
(677, 170, "\( \frac{1}{6} \)", 0),
(678, 170, "\( -\frac{1}{12} \)", 0),
(679, 170, "\( -\frac{1}{6} \)", 0),
(680, 170, "\( \frac{1}{12} \)", 1),
(681, 171, "А — расходится, В — сходится", 0),
(682, 171, "А и В расходятся", 0),
(683, 171, "А и В сходятся", 0),
(684, 171, "А — сходится, В — расходится", 1),
(685, 172, "\( \frac{3\pi}{2} \)", 1),
(686, 172, "\( \pi\ln4 \)", 0),
(687, 172, "\( \frac{3}{2} \)", 0),
(688, 172, "\( \ln4 \)", 0),
(689, 173, "\( \frac{25\pi}{3} \)", 0),
(690, 173, "\( \frac{5\pi}{3} \)", 1),
(691, 173, "\( \frac{\pi}{3} \)", 0),
(692, 173, "\( 5\pi \)", 0),
(693, 174, "\( 3\ln2-\frac{3}{2} \)", 1),
(694, 174, "\( 3\ln2+\frac{3}{2} \)", 0),
(695, 174, "\( \ln2-\frac{3}{2} \)", 0),
(696, 174, "\( \frac{3}{2}-3\ln2 \)", 0),
(697, 175, "\( \frac{3\pi}{2}-\frac{\pi^2}{8}-1 \)", 1),
(698, 175, "\( \frac{3\pi}{2}+\frac{\pi^2}{8}-1 \)", 0),
(699, 175, "\( \frac{\pi^2}{8}-1 \)", 0),
(700, 175, "\( \frac{3\pi}{2}-\frac{\pi^2}{8}+1 \)", 0),
(701, 176, "\( 4 \)", 1),
(702, 176, "\( 3 \)", 0),
(703, 176, "\( 5 \)", 0),
(704, 176, "\( 2 \)", 0),
(705, 177, "\( \frac{\pi}{6} \)", 0),
(706, 177, "\( \frac{\pi}{8} \)", 0),
(707, 177, "\( \frac{\pi}{40} \)", 1),
(708, 177, "\( \ln257 \)", 0),
(709, 178, "А — расходится, В — сходится", 0),
(710, 178, "А и В расходятся", 0),
(711, 178, "А и В сходятся", 0),
(712, 178, "А — сходится, В — расходится", 1),
(713, 179, "\( 36 \)", 0),
(714, 179, "\( 6\ln6 \)", 1),
(715, 179, "\( 72 \)", 0),
(716, 179, "\( 18 \)", 0),
(717, 180, "\( \int_0^{\ln2}\sqrt{1+\left(\frac{e^x+e^{-x}}{4}\right)^2}\,dx \)", 0),
(718, 180, "\( \int_0^{\ln2}\sqrt{1+\left(\frac{e^x-e^{-x}}{4}\right)^2}\,dx \)", 1),
(719, 180, "\( \int_0^{\ln2}\sqrt{1+\left(\frac{e^x-e^{-x}}{4}+1\right)^2}\,dx \)", 0),
(720, 180, "\( \int_0^{\ln2}\sqrt{1+\left(\frac{e^x+e^{-x}}{4}+1\right)^2}\,dx \)", 0),
(721, 181, "\( \frac{3e^2-1}{4} \)", 1),
(722, 181, "\( \frac{3e^2+1}{4} \)", 0),
(723, 181, "\( \frac{e^2-1}{4} \)", 0),
(724, 181, "\( \frac{3e^2-1}{2} \)", 0),
(725, 182, "\( \frac{\pi}{2} \)", 1),
(726, 182, "\( \pi \)", 0),
(727, 182, "\( \frac{3\pi}{2} \)", 0),
(728, 182, "\( \frac{\pi}{4} \)", 0),
(729, 183, "\( 66 \)", 1),
(730, 183, "\( 63 \)", 0),
(731, 183, "\( 65 \)", 0),
(732, 183, "\( 64 \)", 0),
(733, 184, "\( \frac{1}{4} \)", 0),
(734, 184, "\( -\frac{1}{8} \)", 0),
(735, 184, "\( -\frac{1}{4} \)", 0),
(736, 184, "\( \frac{1}{8} \)", 1),
(737, 185, "А — расходится, В — сходится", 1),
(738, 185, "А и В расходятся", 0),
(739, 185, "А и В сходятся", 0),
(740, 185, "А — сходится, В — расходится", 0),
(741, 186, "\( 36 \)", 0),
(742, 186, "\( 44 \)", 1),
(743, 186, "\( 26 \)", 0),
(744, 186, "\( 46 \)", 0),
(745, 187, "\( \frac{\pi}{6} \)", 0),
(746, 187, "\( \frac{\pi}{3} \)", 0),
(747, 187, "\( \frac{\pi}{2} \)", 1),
(748, 187, "\( \frac{11\pi}{2} \)", 0),
(749, 188, "\( \frac{17}{6} \)", 1),
(750, 188, "\( \frac{13}{6} \)", 0),
(751, 188, "\( \frac{17}{3} \)", 0),
(752, 188, "\( \frac{5}{6} \)", 0),
(753, 189, "\( \frac{8\pi}{5} \)", 1),
(754, 189, "\( \frac{4\pi}{5} \)", 0),
(755, 189, "\( \frac{8\pi}{3} \)", 0),
(756, 189, "\( \frac{\pi}{5} \)", 0),
(757, 190, "\( 2 \)", 1),
(758, 190, "\( 0 \)", 0),
(759, 190, "\( 1 \)", 0),
(760, 190, "\( \pi \)", 0),
(761, 191, "\( -\frac{1}{6} \)", 0),
(762, 191, "\( -2 \)", 0),
(763, 191, "\( \frac{1}{6} \)", 1),
(764, 191, "\( 2 \)", 0),
(765, 192, "А — расходится, В — сходится", 1),
(766, 192, "А и В расходятся", 0),
(767, 192, "А и В сходятся", 0),
(768, 192, "А — сходится, В — расходится", 0),
(769, 193, "\( \frac{\pi e}{2} \)", 0),
(770, 193, "\( \frac{\pi}{2}(e^2-1) \)", 1),
(771, 193, "\( \frac{\pi}{2}(e-1) \)", 0),
(772, 193, "\( 2\pi(e^2-1) \)", 0),
(773, 194, "\( \pi \)", 0),
(774, 194, "\( \frac{5\pi}{3} \)", 0),
(775, 194, "\( \frac{55\pi}{6} \)", 0),
(776, 194, "\( \frac{5\pi}{6} \)", 1),
(777, 195, "\( \frac{2e^3+1}{9} \)", 1),
(778, 195, "\( \frac{2e^3-1}{9} \)", 0),
(779, 195, "\( \frac{e^3+1}{9} \)", 0),
(780, 195, "\( \frac{2e^2+1}{9} \)", 0),
(781, 196, "\( e^2-\frac{7}{3} \)", 1),
(782, 196, "\( e^2-\frac{5}{3} \)", 0),
(783, 196, "\( e^2+\frac{7}{3} \)", 0),
(784, 196, "\( \frac{7}{3}-e^2 \)", 0),
(785, 197, "\( -1 \)", 1),
(786, 197, "\( 1 \)", 0),
(787, 197, "\( -2 \)", 0),
(788, 197, "\( 0 \)", 0),
(789, 198, "\( \ln2 \)", 0),
(790, 198, "\( \frac{1}{8}\ln2 \)", 0),
(791, 198, "\( \frac{\pi}{4} \)", 0),
(792, 198, "\( \frac{\pi}{8} \)", 1),
(793, 199, "А — расходится, В — сходится", 0),
(794, 199, "А и В расходятся", 0),
(795, 199, "А и В сходятся", 1),
(796, 199, "А — сходится, В — расходится", 0),
(797, 200, "\( \frac{\pi}{4} \)", 1),
(798, 200, "\( 1 \)", 0),
(799, 200, "\( 0{,}7 \)", 0),
(800, 200, "\( \ln2 \)", 0),
(801, 201, "\( \int_2^3\sqrt{1+\left(\frac{1}{x^2-1}\right)^2}\,dx \)", 0),
(802, 201, "\( \int_2^3\sqrt{1+\left(\frac{2x}{x^2-1}\right)^2}\,dx \)", 1),
(803, 201, "\( \int_2^3\sqrt{1+\frac{2x}{x^2-1}}\,dx \)", 0),
(804, 201, "\( \int_2^3\sqrt{1+\frac{1}{x^2-1}}\,dx \)", 0),
(805, 202, "\( 2+8\ln0{,}8 \)", 1),
(806, 202, "\( 2+\ln0{,}8 \)", 0),
(807, 202, "\( 2-8\ln0{,}8 \)", 0),
(808, 202, "\( 8\ln0{,}8-2 \)", 0),
(809, 203, "\( \frac{125\pi}{3} \)", 1),
(810, 203, "\( \frac{25\pi}{3} \)", 0),
(811, 203, "\( 125\pi \)", 0),
(812, 203, "\( \frac{125}{3} \)", 0),
(813, 204, "\( 500 \)", 1),
(814, 204, "\( 250 \)", 0),
(815, 204, "\( 1000 \)", 0),
(816, 204, "\( 0 \)", 0),
(817, 205, "\( \frac{1}{4} \)", 0),
(818, 205, "\( -\frac{1}{4} \)", 0),
(819, 205, "\( -\frac{1}{16} \)", 0),
(820, 205, "\( \frac{1}{16} \)", 1),
(821, 206, "А — расходится, В — сходится", 0),
(822, 206, "А и В расходятся", 0),
(823, 206, "А и В сходятся", 0),
(824, 206, "А — сходится, В — расходится", 1),
(825, 207, "\( 4 \)", 0),
(826, 207, "\( 4\pi \)", 0),
(827, 207, "\( 32 \)", 0),
(828, 207, "\( 32\pi \)", 1),
(829, 208, "\( 5\pi \)", 0),
(830, 208, "\( 3\pi \)", 0),
(831, 208, "\( \pi \)", 1),
(832, 208, "\( \frac{\pi}{3} \)", 0),
(833, 209, "\( \frac{\pi-22}{16} \)", 1),
(834, 209, "\( \frac{\pi+22}{16} \)", 0),
(835, 209, "\( \frac{22-\pi}{16} \)", 0),
(836, 209, "\( \frac{\pi-22}{8} \)", 0),
(837, 210, "\( e-\frac{3}{2} \)", 1),
(838, 210, "\( e-1 \)", 0),
(839, 210, "\( e+\frac{3}{2} \)", 0),
(840, 210, "\( \frac{3}{2}-e \)", 0),
(841, 211, "\( 3 \)", 1),
(842, 211, "\( 6 \)", 0),
(843, 211, "\( \frac{3}{2} \)", 0),
(844, 211, "\( 1 \)", 0),
(845, 212, "\( -\frac{1}{10} \)", 0),
(846, 212, "\( \frac{1}{10} \)", 1),
(847, 212, "\( -\frac{1}{5} \)", 0),
(848, 212, "\( \frac{1}{5} \)", 0),
(849, 213, "А — расходится, В — сходится", 0),
(850, 213, "А и В расходятся", 1),
(851, 213, "А и В сходятся", 0),
(852, 213, "А — сходится, В — расходится", 0),
(853, 214, "\( 3 \)", 0),
(854, 214, "\( 1 \)", 0),
(855, 214, "\( 2 \)", 0),
(856, 214, "\( 4 \)", 1),
(857, 215, "\( \frac{25\pi}{3} \)", 0),
(858, 215, "\( 5\pi \)", 0),
(859, 215, "\( \frac{\pi}{3} \)", 0),
(860, 215, "\( \frac{5\pi}{3} \)", 1),
(861, 216, "\( \frac{6}{7} \)", 1),
(862, 216, "\( \frac{7}{6} \)", 0),
(863, 216, "\( -\frac{6}{7} \)", 0),
(864, 216, "\( \frac{12}{7} \)", 0),
(865, 217, "\( \frac{9\pi}{2} \)", 1),
(866, 217, "\( 3\pi \)", 0),
(867, 217, "\( \frac{3\pi}{2} \)", 0),
(868, 217, "\( 9\pi \)", 0),
(869, 218, "\( -5 \)", 1),
(870, 218, "\( 5 \)", 0),
(871, 218, "\( -3 \)", 0),
(872, 218, "\( -6 \)", 0),
(873, 219, "\( \frac{\pi}{8} \)", 0),
(874, 219, "\( \frac{\pi}{32} \)", 1),
(875, 219, "\( \ln65 \)", 0),
(876, 219, "\( \frac{1}{4}\ln65 \)", 0),
(877, 220, "А — расходится, В — сходится", 1),
(878, 220, "А и В расходятся", 0),
(879, 220, "А и В сходятся", 0),
(880, 220, "А — сходится, В — расходится", 0),
(881, 221, "\( 30 \)", 0),
(882, 221, "\( 6\pi\ln6 \)", 0),
(883, 221, "\( 6\ln6 \)", 0),
(884, 221, "\( 30\pi \)", 1),
(885, 222, "\( \int_{1/9}^{1/4}\sqrt{1+\left(\frac{1}{2\sqrt{x-x^2}}\right)}\,dx \)", 0),
(886, 222, "\( \int_{1/9}^{1/4}\sqrt{1+\left(\frac{1-2x}{2\sqrt{x-x^2}}\right)}\,dx \)", 0),
(887, 222, "\( \int_{1/9}^{1/4}\sqrt{1+\left(\frac{1}{2\sqrt{x-x^2}}\right)^2}\,dx \)", 0),
(888, 222, "\( \int_{1/9}^{1/4}\sqrt{1+\left(\frac{1-2x}{2\sqrt{x-x^2}}\right)^2}\,dx \)", 1),
(889, 223, "\( 2e^3-1 \)", 1),
(890, 223, "\( 2e^3+1 \)", 0),
(891, 223, "\( e^3-1 \)", 0),
(892, 223, "\( 1-2e^3 \)", 0),
(893, 224, "\( \sqrt{e^3}-\frac{13}{4} \)", 1),
(894, 224, "\( \sqrt{e^3}-\frac{9}{4} \)", 0),
(895, 224, "\( e^3-\frac{13}{4} \)", 0),
(896, 224, "\( \frac{13}{4}-\sqrt{e^3} \)", 0),
(897, 225, "\( 0 \)", 1),
(898, 225, "\( 1 \)", 0),
(899, 225, "\( -1 \)", 0),
(900, 225, "\( 2 \)", 0),
(901, 226, "\( \frac{1}{3} \)", 0),
(902, 226, "\( 0 \)", 0),
(903, 226, "\( \frac{1}{12} \)", 1),
(904, 226, "\( \frac{1}{4} \)", 0),
(905, 227, "А — расходится, В — сходится", 1),
(906, 227, "А и В расходятся", 0),
(907, 227, "А и В сходятся", 0),
(908, 227, "А — сходится, В — расходится", 0),
(909, 228, "\( \frac{27}{4} \)", 0),
(910, 228, "\( 1 \)", 0),
(911, 228, "\( \frac{27}{2} \)", 0),
(912, 228, "\( 4{,}5 \)", 1),
(913, 229, "\( \frac{\pi}{2} \)", 1),
(914, 229, "\( \frac{\pi}{3} \)", 0),
(915, 229, "\( \frac{11\pi}{2} \)", 0),
(916, 229, "\( \frac{\pi}{6} \)", 0),
(917, 230, "\( \frac{231}{10} \)", 1),
(918, 230, "\( \frac{213}{10} \)", 0),
(919, 230, "\( \frac{23}{10} \)", 0),
(920, 230, "\( \frac{231}{5} \)", 0),
(921, 231, "\( 3\pi \)", 1),
(922, 231, "\( \pi \)", 0),
(923, 231, "\( 4\pi \)", 0),
(924, 231, "\( \frac{3\pi}{2} \)", 0),
(925, 232, "\( 19{,}75 \)", 1),
(926, 232, "\( 18{,}75 \)", 0),
(927, 232, "\( 20{,}75 \)", 0),
(928, 232, "\( 19 \)", 0),
(929, 233, "\( \frac{1}{3} \)", 0),
(930, 233, "\( 0 \)", 0),
(931, 233, "\( \frac{1}{4} \)", 1),
(932, 233, "\( 1 \)", 0),
(933, 234, "А — расходится, В — сходится", 0),
(934, 234, "А и В расходятся", 0),
(935, 234, "А и В сходятся", 0),
(936, 234, "А — сходится, В — расходится", 1),
(937, 235, "\( 32 \)", 0),
(938, 235, "\( 31 \)", 0),
(939, 235, "\( 30 \)", 1),
(940, 235, "\( 33 \)", 0),
(941, 236, "\( \pi \)", 0),
(942, 236, "\( \frac{5\pi}{6} \)", 1),
(943, 236, "\( \frac{5\pi}{3} \)", 0),
(944, 236, "\( \frac{55\pi}{6} \)", 0),
(945, 237, "\( 19 \)", 1),
(946, 237, "\( 12 \)", 0),
(947, 237, "\( 7 \)", 0),
(948, 237, "\( 19\pi \)", 0),
(949, 238, "\( \frac{8\pi}{3} \)", 1),
(950, 238, "\( \frac{4\pi}{3} \)", 0),
(951, 238, "\( \frac{16\pi}{3} \)", 0),
(952, 238, "\( \frac{8}{3} \)", 0),
(953, 239, "\( 128 \)", 1),
(954, 239, "\( 126 \)", 0),
(955, 239, "\( 130 \)", 0),
(956, 239, "\( 64 \)", 0),
(957, 240, "\( \frac{\pi}{6} \)", 0),
(958, 240, "\( \frac{\pi}{12} \)", 1),
(959, 240, "\( \ln2 \)", 0),
(960, 240, "\( \frac{1}{8}\ln2 \)", 0),
(961, 241, "А — расходится, В — сходится", 0),
(962, 241, "А и В расходятся", 0),
(963, 241, "А и В сходятся", 1),
(964, 241, "А — сходится, В — расходится", 0),
(965, 242, "\( \frac{\pi\ln4}{4} \)", 1),
(966, 242, "\( \frac{\pi\ln4}{2} \)", 0),
(967, 242, "\( \frac{\ln4}{4} \)", 0),
(968, 242, "\( \pi \)", 0),
(969, 243, "\( \int_\pi^{4\pi/3}\sqrt{1+\frac{2}{\sin2x}}\,dx \)", 0),
(970, 243, "\( \int_\pi^{4\pi/3}\sqrt{1+\frac{2\cos2x}{\sin2x}}\,dx \)", 0),
(971, 243, "\( \int_\pi^{4\pi/3}\sqrt{1+\left(\frac{2}{\sin2x}\right)^2}\,dx \)", 0),
(972, 243, "\( \int_\pi^{4\pi/3}\sqrt{1+\left(\frac{2\cos2x}{\sin2x}\right)^2}\,dx \)", 1),
(973, 244, "\( 2-\ln2 \)", 1),
(974, 244, "\( 2+\ln2 \)", 0),
(975, 244, "\( \ln2-2 \)", 0),
(976, 244, "\( 1-\ln2 \)", 0),
(977, 245, "\( \frac{\pi^2}{8}-1 \)", 1),
(978, 245, "\( \frac{\pi^2}{8}+1 \)", 0),
(979, 245, "\( 1-\frac{\pi^2}{8} \)", 0),
(980, 245, "\( \frac{\pi^2}{4}-1 \)", 0),

(981, 246, "Определённый интеграл можно понимать как предел интегральных сумм, если этот предел существует.", 1),
(982, 246, "Значение определённого интеграла зависит от того, какой буквой обозначена переменная интегрирования.", 0),
(983, 246, "Если функция непрерывна на отрезке \([a;b]\), то она интегрируема на этом отрезке.", 1),
(984, 246, "Определённый интеграл является числом, а не семейством функций.", 1),

(985, 247, "Если \(F'(x)=f(x)\), то \( \int_a^b f(x)\,dx=F(b)-F(a) \).", 1),
(986, 247, "Если \(F'(x)=f(x)\), то \( \int_a^b f(x)\,dx=F(a)-F(b) \).", 0),
(987, 247, "Постоянная интегрирования при вычислении определённого интеграла сокращается.", 1),
(988, 247, "Формулу Ньютона — Лейбница можно без проверки применять к любому несобственному интегралу.", 0),

(989, 248, "\( \int_a^b (f(x)+g(x))\,dx=\int_a^b f(x)\,dx+\int_a^b g(x)\,dx \).", 1),
(990, 248, "\( \int_a^b kf(x)\,dx=k\int_a^b f(x)\,dx \), где \(k\) — постоянная.", 1),
(991, 248, "\( \int_a^b f(x)\,dx=\int_b^a f(x)\,dx \) для любой функции.", 0),
(992, 248, "\( \int_a^b f(x)\,dx=\int_a^c f(x)\,dx+\int_c^b f(x)\,dx \), если все интегралы существуют.", 1),

(993, 249, "Если \(f(x)\ge 0\) на \([a;b]\), то площадь криволинейной трапеции равна \( \int_a^b f(x)\,dx \).", 1),
(994, 249, "Если \(f(x)\le 0\) на \([a;b]\), то площадь фигуры равна \( \int_a^b f(x)\,dx \).", 0),
(995, 249, "Определённый интеграл может выражать ориентированную площадь, поэтому его значение может быть отрицательным.", 1),
(996, 249, "Если график пересекает ось \(Ox\), для нахождения обычной площади нужно учитывать модуль функции или разбивать промежуток.", 1),

(997, 250, "\( \int_a^{+\infty} f(x)\,dx \) определяют как \( \lim\limits_{R\to+\infty}\int_a^R f(x)\,dx \).", 1),
(998, 250, "Несобственный интеграл на бесконечном промежутке сходится, если соответствующий предел существует и конечен.", 1),
(999, 250, "Любой интеграл с бесконечным верхним пределом обязательно расходится.", 0),
(1000, 250, "Если соответствующий предел бесконечен или не существует, несобственный интеграл расходится.", 1),

(1001, 251, "Интеграл \( \int_1^{+\infty}\frac{dx}{x^p} \) сходится при \(p>1\).", 1),
(1002, 251, "Интеграл \( \int_1^{+\infty}\frac{dx}{x^p} \) сходится при \(p\le 1\).", 0),
(1003, 251, "Интеграл \( \int_1^{+\infty}\frac{dx}{x} \) расходится.", 1),
(1004, 251, "Интеграл \( \int_1^{+\infty}\frac{dx}{x^2} \) сходится.", 1),

(1005, 252, "Если функция имеет бесконечный разрыв в точке \(a\), то \( \int_a^b f(x)\,dx \) задают через предел при \(c\to a+\).", 1),
(1006, 252, "Если функция имеет бесконечный разрыв в точке \(b\), то \( \int_a^b f(x)\,dx \) задают через предел при \(c\to b-\).", 1),
(1007, 252, "Если внутри промежутка есть точка разрыва, её можно просто проигнорировать и считать интеграл обычным.", 0),
(1008, 252, "Несобственный интеграл сходится, если соответствующие односторонние пределы существуют и конечны.", 1),

(1009, 253, "Интеграл \( \int_0^1\frac{dx}{x^p} \) сходится при \(p<1\).", 1),
(1010, 253, "Интеграл \( \int_0^1\frac{dx}{x^p} \) расходится при \(p\ge 1\).", 1),
(1011, 253, "Интеграл \( \int_0^1\frac{dx}{\sqrt{x}} \) сходится.", 1),
(1012, 253, "Интеграл \( \int_0^1\frac{dx}{x^2} \) сходится.", 0),

(1013, 254, "Если на \([a;b]\) график \(y=f(x)\) расположен выше графика \(y=g(x)\), то площадь равна \( \int_a^b (f(x)-g(x))\,dx \).", 1),
(1014, 254, "Если верхняя и нижняя функции меняются местами, промежуток нужно разбить или использовать модуль разности.", 1),
(1015, 254, "Пределы интегрирования для площади часто находят из точек пересечения графиков.", 1),
(1016, 254, "При вычислении площади не имеет значения, какую функцию вычитать из какой.", 0),

(1017, 255, "При вращении области под графиком \(y=f(x)\) вокруг оси \(Ox\) часто используют формулу \(V=\pi\int_a^b f^2(x)\,dx\).", 1),
(1018, 255, "Для области между двумя графиками вокруг оси \(Ox\) применяют формулу шайб: \(V=\pi\int_a^b (R^2(x)-r^2(x))\,dx\).", 1),
(1019, 255, "Объём тела вращения вокруг оси \(Ox\) всегда равен \(\int_a^b f(x)\,dx\).", 0),
(1020, 255, "Радиус сечения при методе дисков или шайб должен быть перпендикулярен оси вращения.", 1),

(1021, 256, "Если область вращается вокруг оси \(Oy\) и граница задана как \(x=\varphi(y)\), то можно использовать формулу \(V=\pi\int_c^d \varphi^2(y)\,dy\).", 1),
(1022, 256, "Для области между двумя кривыми при вращении вокруг оси \(Oy\) можно применять формулу \(V=\pi\int_c^d (R^2(y)-r^2(y))\,dy\).", 1),
(1023, 256, "При вращении вокруг оси \(Oy\) всегда нужно интегрировать только по переменной \(x\).", 0),
(1024, 256, "Если используется интегрирование по \(y\), пределами обычно служат соответствующие значения \(y\).", 1),

(1025, 257, "Длина дуги графика \(y=f(x)\) на \([a;b]\) вычисляется по формуле \(L=\int_a^b\sqrt{1+(f'(x))^2}\,dx\).", 1),
(1026, 257, "В формуле длины дуги производная функции входит под корень в квадрате.", 1),
(1027, 257, "Длина дуги графика \(y=f(x)\) всегда равна \(\int_a^b f(x)\,dx\).", 0),
(1028, 257, "Для применения стандартной формулы длины дуги обычно требуется существование непрерывной производной на рассматриваемом промежутке.", 1),

(1029, 258, "Для кривой \(x=x(t),\ y=y(t)\) длина дуги равна \(L=\int_\alpha^\beta\sqrt{(x'(t))^2+(y'(t))^2}\,dt\).", 1),
(1030, 258, "Для окружности \(x=R\cos t,\ y=R\sin t\) длина дуги на промежутке \([\alpha;\beta]\) равна \(R(\beta-\alpha)\), если \(\beta\ge\alpha\).", 1),
(1031, 258, "Длина параметрически заданной дуги вычисляется по формуле \(L=\int_\alpha^\beta x'(t)y'(t)\,dt\).", 0),
(1032, 258, "Длина дуги не должна получаться отрицательной величиной.", 1),

(1033, 259, "Если \(f(x)\) нечётная и интегрируема на \([-a;a]\), то \(\int_{-a}^a f(x)\,dx=0\).", 1),
(1034, 259, "Если \(f(x)\) чётная и интегрируема на \([-a;a]\), то \(\int_{-a}^a f(x)\,dx=2\int_0^a f(x)\,dx\).", 1),
(1035, 259, "Если \(f(x)\) нечётная, то \(\int_{-a}^a f(x)\,dx=2\int_0^a f(x)\,dx\).", 0),
(1036, 259, "Свойства чётности и нечётности удобно применять при симметричных пределах интегрирования.", 1),

(1037, 260, "При замене переменной в определённом интеграле можно сразу изменить пределы интегрирования под новую переменную.", 1),
(1038, 260, "Если после замены переменной вернуться к исходной переменной, можно оставить исходные пределы.", 1),
(1039, 260, "После замены переменной нельзя менять дифференциал.", 0),
(1040, 260, "Ошибка возникает, если заменить переменную, но оставить старые пределы для новой переменной.", 1);

COMMIT;